QB,RB,RB,WR,WR,WR,TE,FLEX,DST
Jared Goff (43727241),Jahmyr Gibbs (43727325),Bucky Irving (43727359),Amon-Ra St. Brown (43727633),DJ Moore (43727667),Stefon Diggs (43824688),Dallas Goedert (43728233),MarShawn Lloyd (43727399),Bears (43728536)
Jalen Hurts (43727237),Jahmyr Gibbs (43727325),Bucky Irving (43727359),Amon-Ra St. Brown (43727633),DJ Moore (43727667),Stefon Diggs (43824688),Juwan Johnson (43728241),MarShawn Lloyd (43727399),Bears (43728536)
Josh Allen (43727234),Jahmyr Gibbs (43727325),Omarion Hampton (43727339),Ladd McConkey (43727657),DJ Moore (43727667),Stefon Diggs (43824688),Juwan Johnson (43728241),MarShawn Lloyd (43727399),Bears (43728536)
Jared Goff (43727241),Omarion Hampton (43727339),Bucky Irving (43727359),Amon-Ra St. Brown (43727633),Ladd McConkey (43727657),DJ Moore (43727667),Dallas Goedert (43728233),MarShawn Lloyd (43727399),Bears (43728536)
Jalen Hurts (43727237),Jahmyr Gibbs (43727325),Bucky Irving (43727359),Nico Collins (43727637),DJ Moore (43727667),Chris Godwin Jr. (43727683),Dallas Goedert (43728233),MarShawn Lloyd (43727399),Bears (43728536)
Caleb Williams (43727239),Derrick Henry (43727341),Jordan Mason (43727367),Tetairoa McMillan (43727651),Terry McLaurin (43727663),Luther Burden III (43727673),Sam LaPorta (43728229),Rico Dowdle (43727375),Jaguars (43728526)
Jayden Daniels (43727238),Derrick Henry (43727341),David Montgomery (43727353),Amon-Ra St. Brown (43727633),Stefon Diggs (43824688),Marvin Harrison Jr. (43727693),Dallas Goedert (43728233),Travis Etienne Jr. (43727355),Bears (43728536)
Jayden Daniels (43727238),Saquon Barkley (43727337),Rico Dowdle (43727375),Nico Collins (43727637),Terry McLaurin (43727663),Stefon Diggs (43824688),Colston Loveland (43728219),MarShawn Lloyd (43727399),Jaguars (43728526)
Justin Herbert (43727240),Jahmyr Gibbs (43727325),Omarion Hampton (43727339),Ladd McConkey (43727657),Terry McLaurin (43727663),DJ Moore (43727667),Harold Fannin Jr. (43728231),Tyler Allgeier (43727395),Bears (43728536)
Joe Burrow (43727235),Bucky Irving (43727359),MarShawn Lloyd (43727399),Ja'Marr Chase (43727631),Jameson Williams (43727653),Chris Godwin Jr. (43727683),Harold Fannin Jr. (43728231),Stefon Diggs (43824688),Bills (43728530)
Trevor Lawrence (43727243),Derrick Henry (43727341),Kaleb Johnson (43727439),Tee Higgins (43727647),Emeka Egbuka (43727649),Brian Thomas Jr. (43727671),Brock Bowers (43728215),Keon Coleman (43727733),Lions (43728528)
Trevor Lawrence (43727243),Bucky Irving (43727359),Quinshon Judkins (43727363),Amon-Ra St. Brown (43727633),Alec Pierce (43727665),DJ Moore (43727667),Colston Loveland (43728219),Brian Thomas Jr. (43727671),Bears (43728536)
Josh Allen (43727234),MarShawn Lloyd (43727399),Braelon Allen (43727409),Nico Collins (43727637),Drake London (43727643),Emeka Egbuka (43727649),Dalton Kincaid (43728225),DJ Moore (43727667),Jaguars (43728526)
Jalen Hurts (43727237),De'Von Achane (43727335),MarShawn Lloyd (43727399),DeVonta Smith (43727641),Christian Watson (43727655),Chris Godwin Jr. (43727683),Mark Andrews (43728237),Stefon Diggs (43824688),Steelers (43728527)
Justin Herbert (43727240),Jonathan Taylor (43727329),David Montgomery (43727353),Ladd McConkey (43727657),Michael Wilson (43727681),Tre' Harris (43727747),Trey McBride (43728217),Rico Dowdle (43727375),Steelers (43728527)
Baker Mayfield (43727242),Jahmyr Gibbs (43727325),Omarion Hampton (43727339),DJ Moore (43727667),Chris Godwin Jr. (43727683),Marvin Harrison Jr. (43727693),Dalton Kincaid (43728225),Rico Dowdle (43727375),Ravens (43728533)
Joe Burrow (43727235),Bucky Irving (43727359),Tyler Allgeier (43727395),Ja'Marr Chase (43727631),Tee Higgins (43727647),Emeka Egbuka (43727649),Sam LaPorta (43728229),MarShawn Lloyd (43727399),Ravens (43728533)
Trevor Lawrence (43727243),Jahmyr Gibbs (43727325),Omarion Hampton (43727339),Ladd McConkey (43727657),DJ Moore (43727667),Brian Thomas Jr. (43727671),Colston Loveland (43728219),Tre' Harris (43727747),Bears (43728536)
Jayden Daniels (43727238),Jahmyr Gibbs (43727325),MarShawn Lloyd (43727399),DeVonta Smith (43727641),Jordan Addison (43727659),Luther Burden III (43727673),Dallas Goedert (43728233),Stefon Diggs (43824688),Jaguars (43728526)
Justin Herbert (43727240),De'Von Achane (43727335),Jordan Mason (43727367),Ladd McConkey (43727657),Michael Wilson (43727681),Stefon Diggs (43824688),Brock Bowers (43728215),MarShawn Lloyd (43727399),Texans (43728534)
Baker Mayfield (43727242),Jonathan Taylor (43727329),Jaylen Warren (43727369),Tee Higgins (43727647),Emeka Egbuka (43727649),Michael Wilson (43727681),Colston Loveland (43728219),MarShawn Lloyd (43727399),Jaguars (43728526)
Trevor Lawrence (43727243),Omarion Hampton (43727339),MarShawn Lloyd (43727399),Drake London (43727643),Tee Higgins (43727647),Jameson Williams (43727653),Tucker Kraft (43728227),Brian Thomas Jr. (43727671),Lions (43728528)
Jared Goff (43727241),Bucky Irving (43727359),Jaylen Warren (43727369),Amon-Ra St. Brown (43727633),Drake London (43727643),Ladd McConkey (43727657),Sam LaPorta (43728229),Juwan Johnson (43728241),Chargers (43728525)
Jayden Daniels (43727238),David Montgomery (43727353),Jaylen Warren (43727369),Ja'Marr Chase (43727631),Terry McLaurin (43727663),Luther Burden III (43727673),Dallas Goedert (43728233),MarShawn Lloyd (43727399),Bears (43728536)
Justin Herbert (43727240),De'Von Achane (43727335),Tyler Allgeier (43727395),Jameson Williams (43727653),Ladd McConkey (43727657),Terry McLaurin (43727663),Trey McBride (43728217),Sam LaPorta (43728229),Lions (43728528)
Joe Burrow (43727235),MarShawn Lloyd (43727399),Braelon Allen (43727409),Ja'Marr Chase (43727631),Tetairoa McMillan (43727651),Terry McLaurin (43727663),Dalton Kincaid (43728225),Brian Thomas Jr. (43727671),Steelers (43728527)
Jared Goff (43727241),James Cook III (43727331),Jordan Mason (43727367),Amon-Ra St. Brown (43727633),Chris Olave (43727639),Rome Odunze (43727677),Sam LaPorta (43728229),Keon Coleman (43727733),Eagles (43728529)
Jared Goff (43727241),Jahmyr Gibbs (43727325),MarShawn Lloyd (43727399),Amon-Ra St. Brown (43727633),Alec Pierce (43727665),Brian Thomas Jr. (43727671),Sam LaPorta (43728229),Juwan Johnson (43728241),Jaguars (43728526)
Jayden Daniels (43727238),Jahmyr Gibbs (43727325),MarShawn Lloyd (43727399),Jordan Addison (43727659),Terry McLaurin (43727663),DJ Moore (43727667),Dallas Goedert (43728233),Marvin Harrison Jr. (43727693),Lions (43728528)
Daniel Jones (43727247),Travis Etienne Jr. (43727355),Bucky Irving (43727359),Justin Jefferson (43727635),DeVonta Smith (43727641),Alec Pierce (43727665),Tucker Kraft (43728227),Kenny Gainwell (43727377),Steelers (43728527)
