Position,Name + ID,Name,ID,Roster Position,Salary,Game Info,TeamAbbrev,AvgPointsPerGame,Status
RB,Bijan Robinson (44132656),Bijan Robinson,44132656,RB/FLEX,8200,CAR@ATL 09/20/2026 01:00PM ET,ATL,31.3,
WR,Jaxon Smith-Njigba (44132962),Jaxon Smith-Njigba,44132962,WR/FLEX,8100,SEA@ARI 09/20/2026 04:25PM ET,SEA,29.2,
RB,Christian McCaffrey (44132658),Christian McCaffrey,44132658,RB/FLEX,8000,MIA@SF 09/20/2026 04:25PM ET,SF,13.8,
WR,Justin Jefferson (44132964),Justin Jefferson,44132964,WR/FLEX,7800,MIN@CHI 09/20/2026 01:00PM ET,MIN,31.2,
WR,Ja'Marr Chase (44132966),Ja'Marr Chase,44132966,WR/FLEX,7600,CIN@HOU 09/20/2026 01:00PM ET,CIN,3.2,
QB,Lamar Jackson (44132567),Lamar Jackson,44132567,QB,7300,NO@BAL 09/20/2026 01:00PM ET,BAL,29,
WR,CeeDee Lamb (44132968),CeeDee Lamb,44132968,WR/FLEX,7300,WAS@DAL 09/20/2026 04:25PM ET,DAL,15.4,
RB,Derrick Henry (44132660),Derrick Henry,44132660,RB/FLEX,7200,NO@BAL 09/20/2026 01:00PM ET,BAL,38.3,
WR,Chris Olave (44132970),Chris Olave,44132970,WR/FLEX,7200,NO@BAL 09/20/2026 01:00PM ET,NO,31.2,Q
RB,Saquon Barkley (44132662),Saquon Barkley,44132662,RB/FLEX,7000,PHI@TEN 09/20/2026 01:00PM ET,PHI,9,
WR,Nico Collins (44132972),Nico Collins,44132972,WR/FLEX,7000,CIN@HOU 09/20/2026 01:00PM ET,HOU,21.2,OUT
RB,Chase Brown (44132664),Chase Brown,44132664,RB/FLEX,6900,CIN@HOU 09/20/2026 01:00PM ET,CIN,18.8,
TE,Trey McBride (44133442),Trey McBride,44133442,TE/FLEX,6900,SEA@ARI 09/20/2026 04:25PM ET,ARI,24.5,
QB,Caleb Williams (44132568),Caleb Williams,44132568,QB,6800,MIN@CHI 09/20/2026 01:00PM ET,CHI,37.3,
RB,Ashton Jeanty (44132666),Ashton Jeanty,44132666,RB/FLEX,6800,LV@LAC 09/20/2026 04:05PM ET,LV,35.7,
WR,DeVonta Smith (44132974),DeVonta Smith,44132974,WR/FLEX,6800,PHI@TEN 09/20/2026 01:00PM ET,PHI,8.3,
QB,Jalen Hurts (44132569),Jalen Hurts,44132569,QB,6700,PHI@TEN 09/20/2026 01:00PM ET,PHI,24.7,
RB,De'Von Achane (44132668),De'Von Achane,44132668,RB/FLEX,6700,MIA@SF 09/20/2026 04:25PM ET,MIA,10.6,
WR,Zay Flowers (44132976),Zay Flowers,44132976,WR/FLEX,6700,NO@BAL 09/20/2026 01:00PM ET,BAL,29,OUT
QB,Joe Burrow (44132570),Joe Burrow,44132570,QB,6600,CIN@HOU 09/20/2026 01:00PM ET,CIN,15.2,Q
RB,Omarion Hampton (44132670),Omarion Hampton,44132670,RB/FLEX,6600,LV@LAC 09/20/2026 04:05PM ET,LAC,9.3,
WR,Mike Evans (44132978),Mike Evans,44132978,WR/FLEX,6600,MIA@SF 09/20/2026 04:25PM ET,SF,16.9,
TE,Brock Bowers (44133444),Brock Bowers,44133444,TE/FLEX,6600,LV@LAC 09/20/2026 04:05PM ET,LV,0,D
RB,David Montgomery (44132672),David Montgomery,44132672,RB/FLEX,6500,CIN@HOU 09/20/2026 01:00PM ET,HOU,28.9,
WR,Jaylen Waddle (44132980),Jaylen Waddle,44132980,WR/FLEX,6500,JAX@DEN 09/20/2026 04:05PM ET,DEN,1.2,
QB,Dak Prescott (44132571),Dak Prescott,44132571,QB,6400,WAS@DAL 09/20/2026 04:25PM ET,DAL,15.4,
RB,Javonte Williams (44132674),Javonte Williams,44132674,RB/FLEX,6400,WAS@DAL 09/20/2026 04:25PM ET,DAL,24.2,
WR,Emeka Egbuka (44132982),Emeka Egbuka,44132982,WR/FLEX,6400,CLE@TB 09/20/2026 01:00PM ET,TB,11.3,
QB,Jayden Daniels (44132572),Jayden Daniels,44132572,QB,6300,WAS@DAL 09/20/2026 04:25PM ET,WAS,17.7,
RB,D'Andre Swift (44132676),D'Andre Swift,44132676,RB/FLEX,6300,MIN@CHI 09/20/2026 01:00PM ET,CHI,35.4,
RB,Josh Jacobs (44132678),Josh Jacobs,44132678,RB/FLEX,6300,GB@NYJ 09/20/2026 01:00PM ET,GB,0,OUT
WR,George Pickens (44132984),George Pickens,44132984,WR/FLEX,6300,WAS@DAL 09/20/2026 04:25PM ET,DAL,5.8,
QB,Brock Purdy (44132573),Brock Purdy,44132573,QB,6200,MIA@SF 09/20/2026 04:25PM ET,SF,22.1,
RB,Breece Hall (44132680),Breece Hall,44132680,RB/FLEX,6200,GB@NYJ 09/20/2026 01:00PM ET,NYJ,22.8,
WR,Christian Watson (44132986),Christian Watson,44132986,WR/FLEX,6200,GB@NYJ 09/20/2026 01:00PM ET,GB,35.7,
WR,Ladd McConkey (44132988),Ladd McConkey,44132988,WR/FLEX,6200,LV@LAC 09/20/2026 04:05PM ET,LAC,19.2,Q
QB,Drake Maye (44132574),Drake Maye,44132574,QB,6100,PIT@NE 09/20/2026 01:00PM ET,NE,12.8,
RB,Bucky Irving (44132682),Bucky Irving,44132682,RB/FLEX,6100,CLE@TB 09/20/2026 01:00PM ET,TB,21.3,
WR,Tee Higgins (44132990),Tee Higgins,44132990,WR/FLEX,6100,CIN@HOU 09/20/2026 01:00PM ET,CIN,8.9,
WR,Tetairoa McMillan (44132992),Tetairoa McMillan,44132992,WR/FLEX,6100,CAR@ATL 09/20/2026 01:00PM ET,CAR,11.5,
QB,Justin Herbert (44132575),Justin Herbert,44132575,QB,6000,LV@LAC 09/20/2026 04:05PM ET,LAC,14.3,
RB,Travis Etienne Jr. (44132684),Travis Etienne Jr.,44132684,RB/FLEX,6000,NO@BAL 09/20/2026 01:00PM ET,NO,14.8,
WR,Drake London (44132994),Drake London,44132994,WR/FLEX,6000,CAR@ATL 09/20/2026 01:00PM ET,ATL,5.5,
WR,Garrett Wilson (44132996),Garrett Wilson,44132996,WR/FLEX,6000,GB@NYJ 09/20/2026 01:00PM ET,NYJ,13.9,
QB,Jordan Love (44132576),Jordan Love,44132576,QB,5900,GB@NYJ 09/20/2026 01:00PM ET,GB,24.5,
RB,Jeremiyah Love (44132686),Jeremiyah Love,44132686,RB/FLEX,5900,SEA@ARI 09/20/2026 04:25PM ET,ARI,13,
WR,Parker Washington (44132998),Parker Washington,44132998,WR/FLEX,5900,JAX@DEN 09/20/2026 04:05PM ET,JAX,19.3,
QB,Trevor Lawrence (44132577),Trevor Lawrence,44132577,QB,5800,JAX@DEN 09/20/2026 04:05PM ET,JAX,26.1,
RB,Chuba Hubbard (44132688),Chuba Hubbard,44132688,RB/FLEX,5800,CAR@ATL 09/20/2026 01:00PM ET,CAR,23.7,
WR,Courtland Sutton (44133000),Courtland Sutton,44133000,WR/FLEX,5800,JAX@DEN 09/20/2026 04:05PM ET,DEN,3.1,
QB,Bo Nix (44132578),Bo Nix,44132578,QB,5700,JAX@DEN 09/20/2026 04:05PM ET,DEN,7.4,
RB,Rhamondre Stevenson (44132690),Rhamondre Stevenson,44132690,RB/FLEX,5700,PIT@NE 09/20/2026 01:00PM ET,NE,14.5,
WR,Luther Burden III (44133002),Luther Burden III,44133002,WR/FLEX,5700,MIN@CHI 09/20/2026 01:00PM ET,CHI,10.5,
QB,Baker Mayfield (44132579),Baker Mayfield,44132579,QB,5600,CLE@TB 09/20/2026 01:00PM ET,TB,14.6,
RB,Bhayshul Tuten (44132692),Bhayshul Tuten,44132692,RB/FLEX,5600,JAX@DEN 09/20/2026 04:05PM ET,JAX,9.8,
WR,Chris Godwin Jr. (44133004),Chris Godwin Jr.,44133004,WR/FLEX,5600,CLE@TB 09/20/2026 01:00PM ET,TB,8.3,
QB,C.J. Stroud (44132580),C.J. Stroud,44132580,QB,5500,CIN@HOU 09/20/2026 01:00PM ET,HOU,18.5,
RB,Jadarian Price (44132694),Jadarian Price,44132694,RB/FLEX,5500,SEA@ARI 09/20/2026 04:25PM ET,SEA,7.8,
RB,Jacory Croskey-Merritt (44132696),Jacory Croskey-Merritt,44132696,RB/FLEX,5500,WAS@DAL 09/20/2026 04:25PM ET,WAS,12.6,
WR,Rome Odunze (44133006),Rome Odunze,44133006,WR/FLEX,5500,MIN@CHI 09/20/2026 01:00PM ET,CHI,7.2,
QB,Sam Darnold (44132581),Sam Darnold,44132581,QB,5400,SEA@ARI 09/20/2026 04:25PM ET,SEA,0.5,OUT
QB,Bryce Young (44132582),Bryce Young,44132582,QB,5400,CAR@ATL 09/20/2026 01:00PM ET,CAR,35.4,
RB,Quinshon Judkins (44132698),Quinshon Judkins,44132698,RB/FLEX,5400,CLE@TB 09/20/2026 01:00PM ET,CLE,7,
RB,Jaylen Warren (44132700),Jaylen Warren,44132700,RB/FLEX,5400,PIT@NE 09/20/2026 01:00PM ET,PIT,11.3,
WR,Michael Wilson (44133008),Michael Wilson,44133008,WR/FLEX,5400,SEA@ARI 09/20/2026 04:25PM ET,ARI,10.6,
QB,Tyler Shough (44132583),Tyler Shough,44132583,QB,5300,NO@BAL 09/20/2026 01:00PM ET,NO,29.2,
RB,Kyle Monangai (44132702),Kyle Monangai,44132702,RB/FLEX,5300,MIN@CHI 09/20/2026 01:00PM ET,CHI,23.4,
RB,MarShawn Lloyd (44132704),MarShawn Lloyd,44132704,RB/FLEX,5300,GB@NYJ 09/20/2026 01:00PM ET,GB,3.7,
RB,Tony Pollard (44132706),Tony Pollard,44132706,RB/FLEX,5300,PHI@TEN 09/20/2026 01:00PM ET,TEN,4.4,
WR,Deebo Samuel Sr. (44133010),Deebo Samuel Sr.,44133010,WR/FLEX,5300,MIA@SF 09/20/2026 04:25PM ET,SF,18,
WR,Stefon Diggs (44133012),Stefon Diggs,44133012,WR/FLEX,5300,WAS@DAL 09/20/2026 04:25PM ET,WAS,15.5,
QB,Malik Willis (44132584),Malik Willis,44132584,QB,5200,MIA@SF 09/20/2026 04:25PM ET,MIA,17.7,
RB,Jordan Mason (44132708),Jordan Mason,44132708,RB/FLEX,5200,MIN@CHI 09/20/2026 01:00PM ET,MIN,11.9,IR
RB,RJ Harvey (44132710),RJ Harvey,44132710,RB/FLEX,5200,JAX@DEN 09/20/2026 04:05PM ET,DEN,8.1,Q
RB,TreVeyon Henderson (44132712),TreVeyon Henderson,44132712,RB/FLEX,5200,PIT@NE 09/20/2026 01:00PM ET,NE,0,
WR,Terry McLaurin (44133014),Terry McLaurin,44133014,WR/FLEX,5200,WAS@DAL 09/20/2026 04:25PM ET,WAS,3.4,
WR,DK Metcalf (44133016),DK Metcalf,44133016,WR/FLEX,5200,PIT@NE 09/20/2026 01:00PM ET,PIT,8,
QB,Aaron Rodgers (44132585),Aaron Rodgers,44132585,QB,5100,PIT@NE 09/20/2026 01:00PM ET,PIT,12.5,
QB,Kyler Murray (44132586),Kyler Murray,44132586,QB,5100,MIN@CHI 09/20/2026 01:00PM ET,MIN,0.6,OUT
RB,Aaron Jones Sr. (44132714),Aaron Jones Sr.,44132714,RB/FLEX,5100,MIN@CHI 09/20/2026 01:00PM ET,MIN,10,
RB,Chris Rodriguez Jr. (44132716),Chris Rodriguez Jr.,44132716,RB/FLEX,5100,JAX@DEN 09/20/2026 04:05PM ET,JAX,2.3,
RB,Kenny Gainwell (44132718),Kenny Gainwell,44132718,RB/FLEX,5100,CLE@TB 09/20/2026 01:00PM ET,TB,2.8,
WR,Jordan Addison (44133018),Jordan Addison,44133018,WR/FLEX,5100,MIN@CHI 09/20/2026 01:00PM ET,MIN,0,
WR,Carnell Tate (44133020),Carnell Tate,44133020,WR/FLEX,5100,PHI@TEN 09/20/2026 01:00PM ET,TEN,7.8,
WR,Jalen Coker (44133022),Jalen Coker,44133022,WR/FLEX,5100,CAR@ATL 09/20/2026 01:00PM ET,CAR,36.8,
QB,Jacoby Brissett (44132587),Jacoby Brissett,44132587,QB,5000,SEA@ARI 09/20/2026 04:25PM ET,ARI,16.5,
QB,Kirk Cousins (44132588),Kirk Cousins,44132588,QB,5000,LV@LAC 09/20/2026 04:05PM ET,LV,15.8,
RB,J.K. Dobbins (44132720),J.K. Dobbins,44132720,RB/FLEX,5000,JAX@DEN 09/20/2026 04:05PM ET,DEN,3.6,
RB,Rachaad White (44132722),Rachaad White,44132722,RB/FLEX,5000,WAS@DAL 09/20/2026 04:25PM ET,WAS,4.7,
WR,Quentin Johnston (44133024),Quentin Johnston,44133024,WR/FLEX,5000,LV@LAC 09/20/2026 04:05PM ET,LAC,3.7,
WR,Romeo Doubs (44133026),Romeo Doubs,44133026,WR/FLEX,5000,PIT@NE 09/20/2026 01:00PM ET,NE,0,
TE,Colston Loveland (44133446),Colston Loveland,44133446,TE/FLEX,5000,MIN@CHI 09/20/2026 01:00PM ET,CHI,0,
QB,Cam Ward (44132589),Cam Ward,44132589,QB,4900,PHI@TEN 09/20/2026 01:00PM ET,TEN,11.7,
QB,Drew Lock (44132590),Drew Lock,44132590,QB,4900,SEA@ARI 09/20/2026 04:25PM ET,SEA,12.8,
RB,Tyler Allgeier (44132724),Tyler Allgeier,44132724,RB/FLEX,4900,SEA@ARI 09/20/2026 04:25PM ET,ARI,9,
RB,Rico Dowdle (44132726),Rico Dowdle,44132726,RB/FLEX,4900,PIT@NE 09/20/2026 01:00PM ET,PIT,4.1,
WR,Marvin Harrison Jr. (44133028),Marvin Harrison Jr.,44133028,WR/FLEX,4900,SEA@ARI 09/20/2026 04:25PM ET,ARI,4.3,
WR,Jakobi Meyers (44133030),Jakobi Meyers,44133030,WR/FLEX,4900,JAX@DEN 09/20/2026 04:05PM ET,JAX,12.2,
TE,Tucker Kraft (44133448),Tucker Kraft,44133448,TE/FLEX,4900,GB@NYJ 09/20/2026 01:00PM ET,GB,9.5,
QB,Geno Smith (44132591),Geno Smith,44132591,QB,4800,GB@NYJ 09/20/2026 01:00PM ET,NYJ,9.3,
RB,Chris Brooks (44132728),Chris Brooks,44132728,RB/FLEX,4800,GB@NYJ 09/20/2026 01:00PM ET,GB,2.9,
RB,Jonathon Brooks (44132730),Jonathon Brooks,44132730,RB/FLEX,4800,CAR@ATL 09/20/2026 01:00PM ET,CAR,7.2,
RB,Tyjae Spears (44132732),Tyjae Spears,44132732,RB/FLEX,4800,PHI@TEN 09/20/2026 01:00PM ET,TEN,4.4,
WR,Brian Thomas Jr. (44133032),Brian Thomas Jr.,44133032,WR/FLEX,4800,JAX@DEN 09/20/2026 04:05PM ET,JAX,7,
WR,De'Zhaun Stribling (44133034),De'Zhaun Stribling,44133034,WR/FLEX,4800,MIA@SF 09/20/2026 04:25PM ET,SF,0,IR
TE,Dallas Goedert (44133450),Dallas Goedert,44133450,TE/FLEX,4800,PHI@TEN 09/20/2026 01:00PM ET,PHI,23.7,
QB,Michael Penix Jr. (44132592),Michael Penix Jr.,44132592,QB,4700,CAR@ATL 09/20/2026 01:00PM ET,ATL,0,OUT
QB,Tua Tagovailoa (44132593),Tua Tagovailoa,44132593,QB,4700,CAR@ATL 09/20/2026 01:00PM ET,ATL,0,D
RB,Tank Bigsby (44132734),Tank Bigsby,44132734,RB/FLEX,4700,PHI@TEN 09/20/2026 01:00PM ET,PHI,0.3,
RB,Brian Robinson Jr. (44132736),Brian Robinson Jr.,44132736,RB/FLEX,4700,CAR@ATL 09/20/2026 01:00PM ET,ATL,3.1,
WR,Matthew Golden (44133036),Matthew Golden,44133036,WR/FLEX,4700,GB@NYJ 09/20/2026 01:00PM ET,GB,15.5,
WR,Michael Pittman Jr. (44133038),Michael Pittman Jr.,44133038,WR/FLEX,4700,PIT@NE 09/20/2026 01:00PM ET,PIT,8.8,OUT
QB,Carson Wentz (44132594),Carson Wentz,44132594,QB,4600,MIN@CHI 09/20/2026 01:00PM ET,MIN,19.2,
RB,Keaton Mitchell (44132738),Keaton Mitchell,44132738,RB/FLEX,4600,LV@LAC 09/20/2026 04:05PM ET,LAC,0.9,
RB,Alvin Kamara (44132740),Alvin Kamara,44132740,RB/FLEX,4600,NO@BAL 09/20/2026 01:00PM ET,NO,0,
WR,Wan'Dale Robinson (44133040),Wan'Dale Robinson,44133040,WR/FLEX,4600,PHI@TEN 09/20/2026 01:00PM ET,TEN,8.8,
WR,Makai Lemon (44133042),Makai Lemon,44133042,WR/FLEX,4600,PHI@TEN 09/20/2026 01:00PM ET,PHI,2.5,
TE,George Kittle (44133452),George Kittle,44133452,TE/FLEX,4600,MIA@SF 09/20/2026 04:25PM ET,SF,3.2,
QB,Deshaun Watson (44132595),Deshaun Watson,44132595,QB,4500,CLE@TB 09/20/2026 01:00PM ET,CLE,15,
QB,Shedeur Sanders (44132596),Shedeur Sanders,44132596,QB,4500,CLE@TB 09/20/2026 01:00PM ET,CLE,0,
QB,Fernando Mendoza (44132597),Fernando Mendoza,44132597,QB,4500,LV@LAC 09/20/2026 04:05PM ET,LV,0,
RB,Kaelon Black (44132742),Kaelon Black,44132742,RB/FLEX,4500,MIA@SF 09/20/2026 04:25PM ET,SF,8,Q
RB,Woody Marks (44132744),Woody Marks,44132744,RB/FLEX,4500,CIN@HOU 09/20/2026 01:00PM ET,HOU,5,
RB,George Holani (44132746),George Holani,44132746,RB/FLEX,4500,SEA@ARI 09/20/2026 04:25PM ET,SEA,2.9,
RB,Kaytron Allen (44132748),Kaytron Allen,44132748,RB/FLEX,4500,WAS@DAL 09/20/2026 04:25PM ET,WAS,1.6,
RB,Emari Demercado (44132750),Emari Demercado,44132750,RB/FLEX,4500,WAS@DAL 09/20/2026 04:25PM ET,DAL,0.7,
RB,Kendre Miller (44132752),Kendre Miller,44132752,RB/FLEX,4500,NO@BAL 09/20/2026 01:00PM ET,NO,9,
WR,Tre Tucker (44133044),Tre Tucker,44133044,WR/FLEX,4500,LV@LAC 09/20/2026 04:05PM ET,LV,4.7,
WR,Jayden Reed (44133046),Jayden Reed,44133046,WR/FLEX,4500,GB@NYJ 09/20/2026 01:00PM ET,GB,5,
TE,Kyle Pitts Sr. (44133454),Kyle Pitts Sr.,44133454,TE/FLEX,4500,CAR@ATL 09/20/2026 01:00PM ET,ATL,0,
QB,Jalen Milroe (44132598),Jalen Milroe,44132598,QB,4400,SEA@ARI 09/20/2026 04:25PM ET,SEA,0,
RB,Sean Tucker (44132754),Sean Tucker,44132754,RB/FLEX,4400,CLE@TB 09/20/2026 01:00PM ET,TB,0,
RB,Dylan Sampson (44132756),Dylan Sampson,44132756,RB/FLEX,4400,CLE@TB 09/20/2026 01:00PM ET,CLE,0,IR
RB,Samaje Perine (44132758),Samaje Perine,44132758,RB/FLEX,4400,CIN@HOU 09/20/2026 01:00PM ET,CIN,8,
WR,Jalen McMillan (44133048),Jalen McMillan,44133048,WR/FLEX,4400,CLE@TB 09/20/2026 01:00PM ET,TB,0,Q
WR,Antonio Williams (44133050),Antonio Williams,44133050,WR/FLEX,4400,WAS@DAL 09/20/2026 04:25PM ET,WAS,16.4,
WR,Rashod Bateman (44133052),Rashod Bateman,44133052,WR/FLEX,4400,NO@BAL 09/20/2026 01:00PM ET,BAL,0,
TE,Mark Andrews (44133456),Mark Andrews,44133456,TE/FLEX,4400,NO@BAL 09/20/2026 01:00PM ET,BAL,8.9,
QB,J.J. McCarthy (44132599),J.J. McCarthy,44132599,QB,4300,MIN@CHI 09/20/2026 01:00PM ET,MIN,0,
RB,Mike Washington Jr. (44132760),Mike Washington Jr.,44132760,RB/FLEX,4300,LV@LAC 09/20/2026 04:05PM ET,LV,4.1,
RB,Nick Singleton (44132762),Nick Singleton,44132762,RB/FLEX,4300,PHI@TEN 09/20/2026 01:00PM ET,TEN,0,
RB,Kaleb Johnson (44132764),Kaleb Johnson,44132764,RB/FLEX,4300,GB@NYJ 09/20/2026 01:00PM ET,GB,0,
RB,Kimani Vidal (44132766),Kimani Vidal,44132766,RB/FLEX,4300,LV@LAC 09/20/2026 04:05PM ET,LAC,0,
WR,Rashid Shaheed (44133054),Rashid Shaheed,44133054,WR/FLEX,4300,SEA@ARI 09/20/2026 04:25PM ET,SEA,1.4,
WR,Dontayvion Wicks (44133056),Dontayvion Wicks,44133056,WR/FLEX,4300,PHI@TEN 09/20/2026 01:00PM ET,PHI,15.3,
WR,Mack Hollins (44133058),Mack Hollins,44133058,WR/FLEX,4300,PIT@NE 09/20/2026 01:00PM ET,NE,9.1,
QB,Cooper Rush (44132600),Cooper Rush,44132600,QB,4200,CAR@ATL 09/20/2026 01:00PM ET,ATL,7.7,
QB,Jarrett Stidham (44132601),Jarrett Stidham,44132601,QB,4200,JAX@DEN 09/20/2026 04:05PM ET,DEN,0,
RB,Jaylen Wright (44132768),Jaylen Wright,44132768,RB/FLEX,4200,MIA@SF 09/20/2026 04:25PM ET,MIA,-0.1,
RB,Braelon Allen (44132770),Braelon Allen,44132770,RB/FLEX,4200,GB@NYJ 09/20/2026 01:00PM ET,NYJ,4,
RB,Jonah Coleman (44132772),Jonah Coleman,44132772,RB/FLEX,4200,JAX@DEN 09/20/2026 04:05PM ET,DEN,0,
RB,Will Shipley (44132774),Will Shipley,44132774,RB/FLEX,4200,PHI@TEN 09/20/2026 01:00PM ET,PHI,2.2,
RB,Justice Hill (44132776),Justice Hill,44132776,RB/FLEX,4200,NO@BAL 09/20/2026 01:00PM ET,BAL,3.8,
RB,Corey Kiner (44132778),Corey Kiner,44132778,RB/FLEX,4200,PIT@NE 09/20/2026 01:00PM ET,NE,1.1,
WR,Pat Bryant (44133060),Pat Bryant,44133060,WR/FLEX,4200,JAX@DEN 09/20/2026 04:05PM ET,DEN,8.2,
WR,Denzel Boston (44133062),Denzel Boston,44133062,WR/FLEX,4200,CLE@TB 09/20/2026 01:00PM ET,CLE,13.9,
WR,Devaughn Vele (44133064),Devaughn Vele,44133064,WR/FLEX,4200,NO@BAL 09/20/2026 01:00PM ET,NO,19.9,
QB,Joe Flacco (44132602),Joe Flacco,44132602,QB,4100,CIN@HOU 09/20/2026 01:00PM ET,CIN,0,
RB,Ameer Abdullah (44132780),Ameer Abdullah,44132780,RB/FLEX,4100,JAX@DEN 09/20/2026 04:05PM ET,JAX,4.2,
WR,KC Concepcion Jr. (44133066),KC Concepcion Jr.,44133066,WR/FLEX,4100,CLE@TB 09/20/2026 01:00PM ET,CLE,8.8,
WR,Calvin Ridley (44133068),Calvin Ridley,44133068,WR/FLEX,4100,PHI@TEN 09/20/2026 01:00PM ET,TEN,0,
WR,Cooper Kupp (44133070),Cooper Kupp,44133070,WR/FLEX,4100,SEA@ARI 09/20/2026 04:25PM ET,SEA,5.5,
TE,Harold Fannin Jr. (44133458),Harold Fannin Jr.,44133458,TE/FLEX,4100,CLE@TB 09/20/2026 01:00PM ET,CLE,4.1,
QB,Davis Mills (44132603),Davis Mills,44132603,QB,4000,CIN@HOU 09/20/2026 01:00PM ET,HOU,0,
QB,Marcus Mariota (44132604),Marcus Mariota,44132604,QB,4000,WAS@DAL 09/20/2026 04:25PM ET,WAS,0,
QB,Gardner Minshew II (44132605),Gardner Minshew II,44132605,QB,4000,SEA@ARI 09/20/2026 04:25PM ET,ARI,0,
QB,Carson Beck (44132606),Carson Beck,44132606,QB,4000,SEA@ARI 09/20/2026 04:25PM ET,ARI,0,
QB,Max Brosmer (44132607),Max Brosmer,44132607,QB,4000,MIN@CHI 09/20/2026 01:00PM ET,MIN,0,
QB,Tyson Bagent (44132608),Tyson Bagent,44132608,QB,4000,MIN@CHI 09/20/2026 01:00PM ET,CHI,0,
QB,Case Keenum (44132609),Case Keenum,44132609,QB,4000,MIN@CHI 09/20/2026 01:00PM ET,CHI,0,
QB,Miller Moss (44132610),Miller Moss,44132610,QB,4000,MIN@CHI 09/20/2026 01:00PM ET,CHI,0,
QB,Mac Jones (44132611),Mac Jones,44132611,QB,4000,MIA@SF 09/20/2026 04:25PM ET,SF,0,
QB,Kurtis Rourke (44132612),Kurtis Rourke,44132612,QB,4000,MIA@SF 09/20/2026 04:25PM ET,SF,0,
QB,Kyle McCord (44132613),Kyle McCord,44132613,QB,4000,MIA@SF 09/20/2026 04:25PM ET,MIA,0,
QB,Brady Cook (44132614),Brady Cook,44132614,QB,4000,MIA@SF 09/20/2026 04:25PM ET,MIA,0,
QB,Trey Lance (44132615),Trey Lance,44132615,QB,4000,LV@LAC 09/20/2026 04:05PM ET,LAC,0,
QB,DJ Uiagalelei (44132616),DJ Uiagalelei,44132616,QB,4000,LV@LAC 09/20/2026 04:05PM ET,LAC,0,
QB,Aidan O'Connell (44132617),Aidan O'Connell,44132617,QB,4000,LV@LAC 09/20/2026 04:05PM ET,LV,0,OUT
QB,Nick Mullens (44132618),Nick Mullens,44132618,QB,4000,JAX@DEN 09/20/2026 04:05PM ET,JAX,-0.3,
QB,Quinn Ewers (44132619),Quinn Ewers,44132619,QB,4000,JAX@DEN 09/20/2026 04:05PM ET,JAX,0,
QB,Joey Aguilar (44132620),Joey Aguilar,44132620,QB,4000,JAX@DEN 09/20/2026 04:05PM ET,JAX,0,
QB,Sam Ehlinger (44132621),Sam Ehlinger,44132621,QB,4000,JAX@DEN 09/20/2026 04:05PM ET,DEN,0,
QB,Tyler Huntley (44132622),Tyler Huntley,44132622,QB,4000,NO@BAL 09/20/2026 01:00PM ET,BAL,0,
QB,Joe Fagnano (44132623),Joe Fagnano,44132623,QB,4000,NO@BAL 09/20/2026 01:00PM ET,BAL,0,
QB,Skylar Thompson (44132624),Skylar Thompson,44132624,QB,4000,NO@BAL 09/20/2026 01:00PM ET,BAL,0,IR
QB,Spencer Rattler (44132625),Spencer Rattler,44132625,QB,4000,NO@BAL 09/20/2026 01:00PM ET,NO,0,
QB,Zach Wilson (44132626),Zach Wilson,44132626,QB,4000,NO@BAL 09/20/2026 01:00PM ET,NO,0,
QB,Andy Dalton (44132627),Andy Dalton,44132627,QB,4000,PHI@TEN 09/20/2026 01:00PM ET,PHI,0,
QB,Tanner McKee (44132628),Tanner McKee,44132628,QB,4000,PHI@TEN 09/20/2026 01:00PM ET,PHI,0,
QB,Cole Payton (44132629),Cole Payton,44132629,QB,4000,PHI@TEN 09/20/2026 01:00PM ET,PHI,0,
QB,Mitchell Trubisky (44132630),Mitchell Trubisky,44132630,QB,4000,PHI@TEN 09/20/2026 01:00PM ET,TEN,0,
QB,Hendon Hooker (44132631),Hendon Hooker,44132631,QB,4000,PHI@TEN 09/20/2026 01:00PM ET,TEN,0,
QB,Kenny Pickett (44132632),Kenny Pickett,44132632,QB,4000,CAR@ATL 09/20/2026 01:00PM ET,CAR,2.4,
QB,Haynes King (44132633),Haynes King,44132633,QB,4000,CAR@ATL 09/20/2026 01:00PM ET,CAR,0,
QB,Jack Strand (44132634),Jack Strand,44132634,QB,4000,CAR@ATL 09/20/2026 01:00PM ET,ATL,0,
QB,Cade Klubnik (44132635),Cade Klubnik,44132635,QB,4000,GB@NYJ 09/20/2026 01:00PM ET,NYJ,0,
QB,Bailey Zappe (44132636),Bailey Zappe,44132636,QB,4000,GB@NYJ 09/20/2026 01:00PM ET,NYJ,0,
QB,Tyrod Taylor (44132637),Tyrod Taylor,44132637,QB,4000,GB@NYJ 09/20/2026 01:00PM ET,GB,0,
QB,Kedon Slovis (44132638),Kedon Slovis,44132638,QB,4000,GB@NYJ 09/20/2026 01:00PM ET,GB,0,
QB,Mason Rudolph (44132639),Mason Rudolph,44132639,QB,4000,PIT@NE 09/20/2026 01:00PM ET,PIT,0,
QB,Will Howard (44132640),Will Howard,44132640,QB,4000,PIT@NE 09/20/2026 01:00PM ET,PIT,0,
QB,Drew Allar (44132641),Drew Allar,44132641,QB,4000,PIT@NE 09/20/2026 01:00PM ET,PIT,0,
QB,Tommy DeVito (44132642),Tommy DeVito,44132642,QB,4000,PIT@NE 09/20/2026 01:00PM ET,NE,0,
QB,Behren Morton (44132643),Behren Morton,44132643,QB,4000,PIT@NE 09/20/2026 01:00PM ET,NE,0,
QB,Jalon Daniels (44132644),Jalon Daniels,44132644,QB,4000,CLE@TB 09/20/2026 01:00PM ET,TB,0,
QB,Easton Stick (44132645),Easton Stick,44132645,QB,4000,CLE@TB 09/20/2026 01:00PM ET,TB,0,
QB,Taylen Green (44132646),Taylen Green,44132646,QB,4000,CLE@TB 09/20/2026 01:00PM ET,CLE,0,
QB,Dillon Gabriel (44132647),Dillon Gabriel,44132647,QB,4000,CLE@TB 09/20/2026 01:00PM ET,CLE,0,IR
QB,Athan Kaliakmanis (44132648),Athan Kaliakmanis,44132648,QB,4000,WAS@DAL 09/20/2026 04:25PM ET,WAS,0,
QB,Sam Hartman (44132649),Sam Hartman,44132649,QB,4000,WAS@DAL 09/20/2026 04:25PM ET,WAS,0,
QB,Sam Howell (44132650),Sam Howell,44132650,QB,4000,WAS@DAL 09/20/2026 04:25PM ET,DAL,0,
QB,Joe Milton III (44132651),Joe Milton III,44132651,QB,4000,WAS@DAL 09/20/2026 04:25PM ET,DAL,0,
QB,Josh Johnson (44132652),Josh Johnson,44132652,QB,4000,CIN@HOU 09/20/2026 01:00PM ET,CIN,0,
QB,Sean Clifford (44132653),Sean Clifford,44132653,QB,4000,CIN@HOU 09/20/2026 01:00PM ET,CIN,0,
QB,Graham Mertz (44132654),Graham Mertz,44132654,QB,4000,CIN@HOU 09/20/2026 01:00PM ET,HOU,0,IR
QB,Mark Gronowski (44132655),Mark Gronowski,44132655,QB,4000,CIN@HOU 09/20/2026 01:00PM ET,HOU,0,
RB,Demond Claiborne (44132782),Demond Claiborne,44132782,RB/FLEX,4000,MIN@CHI 09/20/2026 01:00PM ET,MIN,0,
RB,Jawhar Jordan (44132784),Jawhar Jordan,44132784,RB/FLEX,4000,CIN@HOU 09/20/2026 01:00PM ET,HOU,0,
RB,Zach Charbonnet (44132786),Zach Charbonnet,44132786,RB/FLEX,4000,SEA@ARI 09/20/2026 04:25PM ET,SEA,0,OUT
RB,Trevor Etienne (44132788),Trevor Etienne,44132788,RB/FLEX,4000,CAR@ATL 09/20/2026 01:00PM ET,CAR,0,IR
RB,Isaiah Davis (44132790),Isaiah Davis,44132790,RB/FLEX,4000,GB@NYJ 09/20/2026 01:00PM ET,NYJ,0,
RB,Ollie Gordon II (44132792),Ollie Gordon II,44132792,RB/FLEX,4000,MIA@SF 09/20/2026 04:25PM ET,MIA,0,
RB,Malik Davis (44132794),Malik Davis,44132794,RB/FLEX,4000,WAS@DAL 09/20/2026 04:25PM ET,DAL,0,IR
RB,Jeremy McNichols (44132796),Jeremy McNichols,44132796,RB/FLEX,4000,WAS@DAL 09/20/2026 04:25PM ET,WAS,0,IR
RB,Trey Benson (44132798),Trey Benson,44132798,RB/FLEX,4000,SEA@ARI 09/20/2026 04:25PM ET,ARI,0,IR
RB,James Conner (44132800),James Conner,44132800,RB/FLEX,4000,SEA@ARI 09/20/2026 04:25PM ET,ARI,0,IR
RB,Jordan James (44132802),Jordan James,44132802,RB/FLEX,4000,MIA@SF 09/20/2026 04:25PM ET,SF,0,
RB,DeeJay Dallas (44132804),DeeJay Dallas,44132804,RB/FLEX,4000,MIN@CHI 09/20/2026 01:00PM ET,MIN,1.1,
RB,Max Bredeson (44132806),Max Bredeson,44132806,RB/FLEX,4000,MIN@CHI 09/20/2026 01:00PM ET,MIN,0,
RB,Roschon Johnson (44132808),Roschon Johnson,44132808,RB/FLEX,4000,MIN@CHI 09/20/2026 01:00PM ET,CHI,0,
RB,Brittain Brown (44132810),Brittain Brown,44132810,RB/FLEX,4000,MIN@CHI 09/20/2026 01:00PM ET,CHI,0,IR
RB,Zavier Scott (44132812),Zavier Scott,44132812,RB/FLEX,4000,MIN@CHI 09/20/2026 01:00PM ET,CHI,0,
RB,Salvon Ahmed (44132814),Salvon Ahmed,44132814,RB/FLEX,4000,MIN@CHI 09/20/2026 01:00PM ET,CHI,0,
RB,Isaac Guerendo (44132816),Isaac Guerendo,44132816,RB/FLEX,4000,MIA@SF 09/20/2026 04:25PM ET,SF,0,OUT
RB,Sincere McCormick (44132818),Sincere McCormick,44132818,RB/FLEX,4000,MIA@SF 09/20/2026 04:25PM ET,SF,0,
RB,Kyle Juszczyk (44132820),Kyle Juszczyk,44132820,RB/FLEX,4000,MIA@SF 09/20/2026 04:25PM ET,SF,0,
RB,DJ Herman (44132822),DJ Herman,44132822,RB/FLEX,4000,MIA@SF 09/20/2026 04:25PM ET,MIA,0,
RB,Jarquez Hunter (44132824),Jarquez Hunter,44132824,RB/FLEX,4000,MIA@SF 09/20/2026 04:25PM ET,MIA,0,
RB,Carlos Washington Jr. (44132826),Carlos Washington Jr.,44132826,RB/FLEX,4000,MIA@SF 09/20/2026 04:25PM ET,MIA,0,
RB,Jacardia Wright (44132828),Jacardia Wright,44132828,RB/FLEX,4000,SEA@ARI 09/20/2026 04:25PM ET,SEA,0,
RB,Robbie Ouzts (44132830),Robbie Ouzts,44132830,RB/FLEX,4000,SEA@ARI 09/20/2026 04:25PM ET,SEA,0,IR
RB,Brady Russell (44132832),Brady Russell,44132832,RB/FLEX,4000,SEA@ARI 09/20/2026 04:25PM ET,SEA,4,
RB,Velus Jones Jr. (44132834),Velus Jones Jr.,44132834,RB/FLEX,4000,SEA@ARI 09/20/2026 04:25PM ET,SEA,0,
RB,Bam Knight (44132836),Bam Knight,44132836,RB/FLEX,4000,SEA@ARI 09/20/2026 04:25PM ET,ARI,0,
RB,Evan Hull (44132838),Evan Hull,44132838,RB/FLEX,4000,SEA@ARI 09/20/2026 04:25PM ET,ARI,0,
RB,Alec Ingold (44132840),Alec Ingold,44132840,RB/FLEX,4000,LV@LAC 09/20/2026 04:05PM ET,LAC,0,
RB,Gregory Desrosiers (44132842),Gregory Desrosiers,44132842,RB/FLEX,4000,LV@LAC 09/20/2026 04:05PM ET,LAC,0,
RB,Scott Matlock (44132844),Scott Matlock,44132844,RB/FLEX,4000,LV@LAC 09/20/2026 04:05PM ET,LAC,0,IR
RB,Amar Johnson (44132846),Amar Johnson,44132846,RB/FLEX,4000,LV@LAC 09/20/2026 04:05PM ET,LAC,0,
RB,Dylan Laube (44132848),Dylan Laube,44132848,RB/FLEX,4000,LV@LAC 09/20/2026 04:05PM ET,LV,0,
RB,Chris Collier (44132850),Chris Collier,44132850,RB/FLEX,4000,LV@LAC 09/20/2026 04:05PM ET,LV,0,IR
RB,Dare Ogunbowale (44132852),Dare Ogunbowale,44132852,RB/FLEX,4000,LV@LAC 09/20/2026 04:05PM ET,LV,0,
RB,Connor Heyward (44132854),Connor Heyward,44132854,RB/FLEX,4000,LV@LAC 09/20/2026 04:05PM ET,LV,0.1,
RB,LeQuint Allen Jr. (44132856),LeQuint Allen Jr.,44132856,RB/FLEX,4000,JAX@DEN 09/20/2026 04:05PM ET,JAX,0,
RB,J'Mari Taylor (44132858),J'Mari Taylor,44132858,RB/FLEX,4000,JAX@DEN 09/20/2026 04:05PM ET,JAX,0,
RB,Tyler Badie (44132860),Tyler Badie,44132860,RB/FLEX,4000,JAX@DEN 09/20/2026 04:05PM ET,DEN,0,
RB,Cody Schrader (44132862),Cody Schrader,44132862,RB/FLEX,4000,JAX@DEN 09/20/2026 04:05PM ET,DEN,0,
RB,Adam Prentice (44132864),Adam Prentice,44132864,RB/FLEX,4000,JAX@DEN 09/20/2026 04:05PM ET,DEN,0,
RB,Adam Randall (44132866),Adam Randall,44132866,RB/FLEX,4000,NO@BAL 09/20/2026 01:00PM ET,BAL,0,IR
RB,Jonathan Ward (44132868),Jonathan Ward,44132868,RB/FLEX,4000,NO@BAL 09/20/2026 01:00PM ET,BAL,0,
RB,CJ Donaldson (44132870),CJ Donaldson,44132870,RB/FLEX,4000,NO@BAL 09/20/2026 01:00PM ET,NO,1.2,
RB,Audric Estime (44132872),Audric Estime,44132872,RB/FLEX,4000,NO@BAL 09/20/2026 01:00PM ET,NO,0,IR
RB,Ty Chandler (44132874),Ty Chandler,44132874,RB/FLEX,4000,NO@BAL 09/20/2026 01:00PM ET,NO,0,IR
RB,Zamir White (44132876),Zamir White,44132876,RB/FLEX,4000,NO@BAL 09/20/2026 01:00PM ET,NO,0,
RB,Jaydon Blue (44132878),Jaydon Blue,44132878,RB/FLEX,4000,PHI@TEN 09/20/2026 01:00PM ET,PHI,0,
RB,Dameon Pierce (44132880),Dameon Pierce,44132880,RB/FLEX,4000,PHI@TEN 09/20/2026 01:00PM ET,PHI,0,
RB,Carson Steele (44132882),Carson Steele,44132882,RB/FLEX,4000,PHI@TEN 09/20/2026 01:00PM ET,PHI,0,
RB,Julius Chestnut (44132884),Julius Chestnut,44132884,RB/FLEX,4000,PHI@TEN 09/20/2026 01:00PM ET,TEN,0,
RB,Michael Carter (44132886),Michael Carter,44132886,RB/FLEX,4000,PHI@TEN 09/20/2026 01:00PM ET,TEN,0,
RB,Kalel Mullings (44132888),Kalel Mullings,44132888,RB/FLEX,4000,PHI@TEN 09/20/2026 01:00PM ET,TEN,0,
RB,AJ Dillon (44132890),AJ Dillon,44132890,RB/FLEX,4000,CAR@ATL 09/20/2026 01:00PM ET,CAR,2.8,
RB,Anthony Tyus III (44132892),Anthony Tyus III,44132892,RB/FLEX,4000,CAR@ATL 09/20/2026 01:00PM ET,CAR,0,
RB,Ahmani Marshall (44132894),Ahmani Marshall,44132894,RB/FLEX,4000,CAR@ATL 09/20/2026 01:00PM ET,CAR,0,
RB,Trey Sermon (44132896),Trey Sermon,44132896,RB/FLEX,4000,CAR@ATL 09/20/2026 01:00PM ET,ATL,0,IR
RB,Cash Jones (44132898),Cash Jones,44132898,RB/FLEX,4000,CAR@ATL 09/20/2026 01:00PM ET,ATL,0,
RB,Tyler Goodson (44132900),Tyler Goodson,44132900,RB/FLEX,4000,WAS@DAL 09/20/2026 04:25PM ET,DAL,0,
RB,Kene Nwangwu (44132902),Kene Nwangwu,44132902,RB/FLEX,4000,GB@NYJ 09/20/2026 01:00PM ET,NYJ,0,OUT
RB,Chip Trayanum (44132904),Chip Trayanum,44132904,RB/FLEX,4000,GB@NYJ 09/20/2026 01:00PM ET,NYJ,0,IR
RB,Andrew Beck (44132906),Andrew Beck,44132906,RB/FLEX,4000,GB@NYJ 09/20/2026 01:00PM ET,NYJ,0,
RB,Al-Jay Henderson (44132908),Al-Jay Henderson,44132908,RB/FLEX,4000,GB@NYJ 09/20/2026 01:00PM ET,NYJ,0,
RB,Pierre Strong Jr. (44132910),Pierre Strong Jr.,44132910,RB/FLEX,4000,GB@NYJ 09/20/2026 01:00PM ET,GB,0,Q
RB,Damon Bankston (44132912),Damon Bankston,44132912,RB/FLEX,4000,GB@NYJ 09/20/2026 01:00PM ET,GB,0,
RB,Eli Heidenreich (44132914),Eli Heidenreich,44132914,RB/FLEX,4000,PIT@NE 09/20/2026 01:00PM ET,PIT,0,
RB,Lew Nichols (44132916),Lew Nichols,44132916,RB/FLEX,4000,PIT@NE 09/20/2026 01:00PM ET,PIT,0,
RB,Travis Homer (44132918),Travis Homer,44132918,RB/FLEX,4000,PIT@NE 09/20/2026 01:00PM ET,PIT,0,
RB,Riley Nowakowski (44132920),Riley Nowakowski,44132920,RB/FLEX,4000,PIT@NE 09/20/2026 01:00PM ET,PIT,0,
RB,Myles Montgomery (44132922),Myles Montgomery,44132922,RB/FLEX,4000,PIT@NE 09/20/2026 01:00PM ET,NE,0,IR
RB,Lan Larison (44132924),Lan Larison,44132924,RB/FLEX,4000,PIT@NE 09/20/2026 01:00PM ET,NE,2.9,
RB,Reggie Gilliam (44132926),Reggie Gilliam,44132926,RB/FLEX,4000,PIT@NE 09/20/2026 01:00PM ET,NE,0,
RB,Hassan Haskins (44132928),Hassan Haskins,44132928,RB/FLEX,4000,PIT@NE 09/20/2026 01:00PM ET,NE,0,
RB,Josh Williams (44132930),Josh Williams,44132930,RB/FLEX,4000,CLE@TB 09/20/2026 01:00PM ET,TB,0,
RB,Raheim Sanders (44132932),Raheim Sanders,44132932,RB/FLEX,4000,CLE@TB 09/20/2026 01:00PM ET,CLE,5.6,
RB,Jaleel McLaughlin (44132934),Jaleel McLaughlin,44132934,RB/FLEX,4000,CLE@TB 09/20/2026 01:00PM ET,CLE,0,
RB,Michael Burton (44132936),Michael Burton,44132936,RB/FLEX,4000,CLE@TB 09/20/2026 01:00PM ET,CLE,0,
RB,Robert Henry Jr. (44132938),Robert Henry Jr.,44132938,RB/FLEX,4000,WAS@DAL 09/20/2026 04:25PM ET,WAS,0,
RB,Craig Reynolds (44132940),Craig Reynolds,44132940,RB/FLEX,4000,WAS@DAL 09/20/2026 04:25PM ET,WAS,0,
RB,Israel Abanikanda (44132942),Israel Abanikanda,44132942,RB/FLEX,4000,WAS@DAL 09/20/2026 04:25PM ET,DAL,0,
RB,Hunter Luepke (44132944),Hunter Luepke,44132944,RB/FLEX,4000,WAS@DAL 09/20/2026 04:25PM ET,DAL,0.7,
RB,Kendall Milton (44132946),Kendall Milton,44132946,RB/FLEX,4000,CIN@HOU 09/20/2026 01:00PM ET,CIN,0,
RB,Kentrel Bullock (44132948),Kentrel Bullock,44132948,RB/FLEX,4000,CIN@HOU 09/20/2026 01:00PM ET,CIN,0,
RB,British Brooks (44132950),British Brooks,44132950,RB/FLEX,4000,CIN@HOU 09/20/2026 01:00PM ET,HOU,0,
RB,Noah Whittington (44132952),Noah Whittington,44132952,RB/FLEX,4000,CIN@HOU 09/20/2026 01:00PM ET,HOU,0,
RB,Tahj Brooks (44132954),Tahj Brooks,44132954,RB/FLEX,4000,CIN@HOU 09/20/2026 01:00PM ET,CIN,0,
RB,Roman Hemby (44132956),Roman Hemby,44132956,RB/FLEX,4000,LV@LAC 09/20/2026 04:05PM ET,LV,0,
RB,Emanuel Wilson (44132958),Emanuel Wilson,44132958,RB/FLEX,4000,SEA@ARI 09/20/2026 04:25PM ET,SEA,0.3,
RB,Rasheen Ali (44132960),Rasheen Ali,44132960,RB/FLEX,4000,NO@BAL 09/20/2026 01:00PM ET,BAL,0,
WR,Adonai Mitchell (44133072),Adonai Mitchell,44133072,WR/FLEX,4000,GB@NYJ 09/20/2026 01:00PM ET,NYJ,9,
WR,Kayshon Boutte (44133074),Kayshon Boutte,44133074,WR/FLEX,4000,CIN@HOU 09/20/2026 01:00PM ET,HOU,3.1,
WR,Malik Washington (44133076),Malik Washington,44133076,WR/FLEX,4000,MIA@SF 09/20/2026 04:25PM ET,MIA,7.3,
WR,Tre' Harris (44133078),Tre' Harris,44133078,WR/FLEX,4000,LV@LAC 09/20/2026 04:05PM ET,LAC,5,
TE,Hunter Henry (44133460),Hunter Henry,44133460,TE/FLEX,4000,PIT@NE 09/20/2026 01:00PM ET,NE,5.6,
RB,Eric Gray (44173808),Eric Gray,44173808,RB/FLEX,4000,CLE@TB 09/20/2026 01:00PM ET,CLE,0,
RB,Jerome Ford (44192192),Jerome Ford,44192192,RB/FLEX,4000,MIN@CHI 09/20/2026 01:00PM ET,MIN,0,
RB,Khalil Herbert (44192194),Khalil Herbert,44192194,RB/FLEX,4000,CAR@ATL 09/20/2026 01:00PM ET,ATL,0,
WR,Jalen Nailor (44133080),Jalen Nailor,44133080,WR/FLEX,3900,LV@LAC 09/20/2026 04:05PM ET,LV,5.7,
WR,Kendrick Bourne (44133082),Kendrick Bourne,44133082,WR/FLEX,3900,SEA@ARI 09/20/2026 04:25PM ET,ARI,15.5,
WR,Jerry Jeudy (44133084),Jerry Jeudy,44133084,WR/FLEX,3900,CLE@TB 09/20/2026 01:00PM ET,CLE,4.6,
WR,Ja'Kobi Lane (44133086),Ja'Kobi Lane,44133086,WR/FLEX,3900,NO@BAL 09/20/2026 01:00PM ET,BAL,2.1,IR
WR,Demarcus Robinson (44133088),Demarcus Robinson,44133088,WR/FLEX,3900,MIA@SF 09/20/2026 04:25PM ET,SF,13,
TE,Juwan Johnson (44133462),Juwan Johnson,44133462,TE/FLEX,3900,NO@BAL 09/20/2026 01:00PM ET,NO,14.4,
TE,Brenton Strange (44133464),Brenton Strange,44133464,TE/FLEX,3900,JAX@DEN 09/20/2026 04:05PM ET,JAX,10.3,
WR,Jauan Jennings (44133090),Jauan Jennings,44133090,WR/FLEX,3800,MIN@CHI 09/20/2026 01:00PM ET,MIN,0,OUT
WR,Omar Cooper Jr. (44133092),Omar Cooper Jr.,44133092,WR/FLEX,3800,GB@NYJ 09/20/2026 01:00PM ET,NYJ,4,IR
WR,Troy Franklin (44133094),Troy Franklin,44133094,WR/FLEX,3800,JAX@DEN 09/20/2026 04:05PM ET,DEN,0.5,
WR,Ryan Flournoy (44133096),Ryan Flournoy,44133096,WR/FLEX,3800,WAS@DAL 09/20/2026 04:25PM ET,DAL,4.2,
WR,DeMario Douglas (44133098),DeMario Douglas,44133098,WR/FLEX,3800,PIT@NE 09/20/2026 01:00PM ET,NE,7,
TE,Jake Ferguson (44133466),Jake Ferguson,44133466,TE/FLEX,3800,WAS@DAL 09/20/2026 04:25PM ET,DAL,2.6,
TE,Kenyon Sadiq (44133468),Kenyon Sadiq,44133468,TE/FLEX,3800,GB@NYJ 09/20/2026 01:00PM ET,NYJ,11.4,
DST,49ers (44133742),49ers,44133742,DST,3800,MIA@SF 09/20/2026 04:25PM ET,SF,8,
WR,Jaylin Noel (44133100),Jaylin Noel,44133100,WR/FLEX,3700,CIN@HOU 09/20/2026 01:00PM ET,HOU,7.3,
WR,Caleb Douglas (44133102),Caleb Douglas,44133102,WR/FLEX,3700,MIA@SF 09/20/2026 04:25PM ET,MIA,14.4,
WR,Elijah Sarratt (44133104),Elijah Sarratt,44133104,WR/FLEX,3700,NO@BAL 09/20/2026 01:00PM ET,BAL,0,
WR,Marvin Mims Jr. (44133106),Marvin Mims Jr.,44133106,WR/FLEX,3700,JAX@DEN 09/20/2026 04:05PM ET,DEN,0,OUT
TE,Chig Okonkwo (44133470),Chig Okonkwo,44133470,TE/FLEX,3700,WAS@DAL 09/20/2026 04:25PM ET,WAS,3.6,OUT
TE,Pat Freiermuth (44133472),Pat Freiermuth,44133472,TE/FLEX,3700,PIT@NE 09/20/2026 01:00PM ET,PIT,15.6,
DST,Eagles (44133743),Eagles,44133743,DST,3700,PHI@TEN 09/20/2026 01:00PM ET,PHI,3,
WR,Hollywood Brown (44133108),Hollywood Brown,44133108,WR/FLEX,3600,PHI@TEN 09/20/2026 01:00PM ET,PHI,0,
WR,Jack Bech (44133110),Jack Bech,44133110,WR/FLEX,3600,LV@LAC 09/20/2026 04:05PM ET,LV,11.3,
WR,Kalif Raymond (44133112),Kalif Raymond,44133112,WR/FLEX,3600,MIN@CHI 09/20/2026 01:00PM ET,CHI,16.4,
WR,Kyle Williams (44133114),Kyle Williams,44133114,WR/FLEX,3600,PIT@NE 09/20/2026 01:00PM ET,NE,0,
TE,Michael Mayer (44133474),Michael Mayer,44133474,TE/FLEX,3600,LV@LAC 09/20/2026 04:05PM ET,LV,9.2,
TE,Mike Gesicki (44133476),Mike Gesicki,44133476,TE/FLEX,3600,CIN@HOU 09/20/2026 01:00PM ET,CIN,18.8,
DST,Buccaneers (44133744),Buccaneers,44133744,DST,3600,CLE@TB 09/20/2026 01:00PM ET,TB,9,
WR,Xavier Hutchinson (44133116),Xavier Hutchinson,44133116,WR/FLEX,3500,CIN@HOU 09/20/2026 01:00PM ET,HOU,6.2,
WR,Zachariah Branch (44133118),Zachariah Branch,44133118,WR/FLEX,3500,CAR@ATL 09/20/2026 01:00PM ET,ATL,0,
WR,Chris Bell (44133120),Chris Bell,44133120,WR/FLEX,3500,MIA@SF 09/20/2026 04:25PM ET,MIA,3.5,
WR,Brenen Thompson (44133122),Brenen Thompson,44133122,WR/FLEX,3500,LV@LAC 09/20/2026 04:05PM ET,LAC,0,
WR,Elic Ayomanor (44133124),Elic Ayomanor,44133124,WR/FLEX,3500,PHI@TEN 09/20/2026 01:00PM ET,TEN,8.1,
TE,Oronde Gadsden II (44133478),Oronde Gadsden II,44133478,TE/FLEX,3500,LV@LAC 09/20/2026 04:05PM ET,LAC,5.2,
TE,T.J. Hockenson (44133480),T.J. Hockenson,44133480,TE/FLEX,3500,MIN@CHI 09/20/2026 01:00PM ET,MIN,13.6,
DST,Seahawks (44133745),Seahawks,44133745,DST,3500,SEA@ARI 09/20/2026 04:25PM ET,SEA,13,
WR,Germie Bernard (44133126),Germie Bernard,44133126,WR/FLEX,3400,PIT@NE 09/20/2026 01:00PM ET,PIT,0,
WR,Xavier Legette (44133128),Xavier Legette,44133128,WR/FLEX,3400,CAR@ATL 09/20/2026 01:00PM ET,CAR,0,
WR,Jahan Dotson (44133130),Jahan Dotson,44133130,WR/FLEX,3400,CAR@ATL 09/20/2026 01:00PM ET,ATL,2.9,
WR,Jahdae Walker (44133132),Jahdae Walker,44133132,WR/FLEX,3400,MIN@CHI 09/20/2026 01:00PM ET,CHI,7.1,
WR,Devontez Walker (44133134),Devontez Walker,44133134,WR/FLEX,3400,NO@BAL 09/20/2026 01:00PM ET,BAL,0,
TE,Noah Fant (44133482),Noah Fant,44133482,TE/FLEX,3400,NO@BAL 09/20/2026 01:00PM ET,NO,13.3,
TE,Cade Otton (44133484),Cade Otton,44133484,TE/FLEX,3400,CLE@TB 09/20/2026 01:00PM ET,TB,5.6,
DST,Packers (44133746),Packers,44133746,DST,3400,GB@NYJ 09/20/2026 01:00PM ET,GB,1,
WR,Lil'Jordan Humphrey (44133136),Lil'Jordan Humphrey,44133136,WR/FLEX,3300,JAX@DEN 09/20/2026 04:05PM ET,DEN,0,
WR,Travis Hunter (44133138),Travis Hunter,44133138,WR/FLEX,3300,JAX@DEN 09/20/2026 04:05PM ET,JAX,2.1,
WR,Isaiah Williams (44133140),Isaiah Williams,44133140,WR/FLEX,3300,GB@NYJ 09/20/2026 01:00PM ET,NYJ,1.7,
WR,KeAndre Lambert-Smith (44133142),KeAndre Lambert-Smith,44133142,WR/FLEX,3300,LV@LAC 09/20/2026 04:05PM ET,LAC,0,IR
WR,Chris Moore (44133144),Chris Moore,44133144,WR/FLEX,3300,NO@BAL 09/20/2026 01:00PM ET,BAL,6.3,
TE,AJ Barner (44133486),AJ Barner,44133486,TE/FLEX,3300,SEA@ARI 09/20/2026 04:25PM ET,SEA,3.3,
TE,Evan Engram (44133488),Evan Engram,44133488,TE/FLEX,3300,JAX@DEN 09/20/2026 04:05PM ET,DEN,14.3,
DST,Ravens (44133747),Ravens,44133747,DST,3300,NO@BAL 09/20/2026 01:00PM ET,BAL,6,
WR,Roman Wilson (44133146),Roman Wilson,44133146,WR/FLEX,3200,PIT@NE 09/20/2026 01:00PM ET,PIT,5.6,
WR,Tory Horton (44133148),Tory Horton,44133148,WR/FLEX,3200,SEA@ARI 09/20/2026 04:25PM ET,SEA,0,
WR,Ted Hurst III (44133150),Ted Hurst III,44133150,WR/FLEX,3200,CLE@TB 09/20/2026 01:00PM ET,TB,6.6,
WR,Olamide Zaccheaus (44133152),Olamide Zaccheaus,44133152,WR/FLEX,3200,CAR@ATL 09/20/2026 01:00PM ET,ATL,1.5,
WR,Bryce Lance (44133154),Bryce Lance,44133154,WR/FLEX,3200,NO@BAL 09/20/2026 01:00PM ET,NO,7.2,
TE,Dalton Schultz (44133490),Dalton Schultz,44133490,TE/FLEX,3200,CIN@HOU 09/20/2026 01:00PM ET,HOU,7.5,
TE,Greg Dulcich (44133492),Greg Dulcich,44133492,TE/FLEX,3200,MIA@SF 09/20/2026 04:25PM ET,MIA,3.8,
DST,Chargers (44133748),Chargers,44133748,DST,3200,LV@LAC 09/20/2026 04:05PM ET,LAC,1,
WR,KaVontae Turpin (44133156),KaVontae Turpin,44133156,WR/FLEX,3100,WAS@DAL 09/20/2026 04:25PM ET,DAL,1.8,
WR,Zavion Thomas (44133158),Zavion Thomas,44133158,WR/FLEX,3100,MIN@CHI 09/20/2026 01:00PM ET,CHI,0,
WR,Andrei Iosivas (44133160),Andrei Iosivas,44133160,WR/FLEX,3100,CIN@HOU 09/20/2026 01:00PM ET,CIN,3.2,
WR,Efton Chism III (44133162),Efton Chism III,44133162,WR/FLEX,3100,PIT@NE 09/20/2026 01:00PM ET,NE,0,
WR,LaJohntay Wester (44133164),LaJohntay Wester,44133164,WR/FLEX,3100,NO@BAL 09/20/2026 01:00PM ET,BAL,3.5,
TE,Darren Waller (44133494),Darren Waller,44133494,TE/FLEX,3100,CAR@ATL 09/20/2026 01:00PM ET,CAR,4.8,
TE,Gunnar Helm (44133496),Gunnar Helm,44133496,TE/FLEX,3100,PHI@TEN 09/20/2026 01:00PM ET,TEN,6.8,
DST,Patriots (44133749),Patriots,44133749,DST,3100,PIT@NE 09/20/2026 01:00PM ET,NE,6,
WR,Treylon Burks (44133166),Treylon Burks,44133166,WR/FLEX,3000,WAS@DAL 09/20/2026 04:25PM ET,WAS,0,
WR,Jayden Higgins (44133168),Jayden Higgins,44133168,WR/FLEX,3000,CIN@HOU 09/20/2026 01:00PM ET,HOU,0,IR
WR,Tank Dell (44133170),Tank Dell,44133170,WR/FLEX,3000,CIN@HOU 09/20/2026 01:00PM ET,HOU,0,IR
WR,Jordyn Tyson (44133172),Jordyn Tyson,44133172,WR/FLEX,3000,NO@BAL 09/20/2026 01:00PM ET,NO,0,IR
WR,Cedric Tillman (44133174),Cedric Tillman,44133174,WR/FLEX,3000,NO@BAL 09/20/2026 01:00PM ET,NO,0,
WR,A.J. Brown (44133176),A.J. Brown,44133176,WR/FLEX,3000,PIT@NE 09/20/2026 01:00PM ET,NE,5.6,IR
WR,Dont'e Thornton Jr. (44133178),Dont'e Thornton Jr.,44133178,WR/FLEX,3000,LV@LAC 09/20/2026 04:05PM ET,LV,0,IR
WR,John Metchie III (44133180),John Metchie III,44133180,WR/FLEX,3000,CAR@ATL 09/20/2026 01:00PM ET,CAR,0,
WR,Savion Williams (44133182),Savion Williams,44133182,WR/FLEX,3000,GB@NYJ 09/20/2026 01:00PM ET,GB,0,IR
WR,Luke McCaffrey (44133184),Luke McCaffrey,44133184,WR/FLEX,3000,WAS@DAL 09/20/2026 04:25PM ET,WAS,0,
WR,Jalen Tolbert (44133186),Jalen Tolbert,44133186,WR/FLEX,3000,MIA@SF 09/20/2026 04:25PM ET,MIA,0,
WR,Jaylin Lane (44133188),Jaylin Lane,44133188,WR/FLEX,3000,WAS@DAL 09/20/2026 04:25PM ET,WAS,1.4,
WR,Dyami Brown (44133190),Dyami Brown,44133190,WR/FLEX,3000,WAS@DAL 09/20/2026 04:25PM ET,WAS,0,
WR,Jonathan Mingo (44133192),Jonathan Mingo,44133192,WR/FLEX,3000,WAS@DAL 09/20/2026 04:25PM ET,DAL,2,
WR,Isaiah Bond (44133194),Isaiah Bond,44133194,WR/FLEX,3000,CLE@TB 09/20/2026 01:00PM ET,CLE,0,
WR,Jordan Watkins (44133196),Jordan Watkins,44133196,WR/FLEX,3000,MIA@SF 09/20/2026 04:25PM ET,SF,0,
WR,Tai Felton (44133198),Tai Felton,44133198,WR/FLEX,3000,MIN@CHI 09/20/2026 01:00PM ET,MIN,0,
WR,Myles Price (44133200),Myles Price,44133200,WR/FLEX,3000,MIN@CHI 09/20/2026 01:00PM ET,MIN,0,
WR,Jeshaun Jones (44133202),Jeshaun Jones,44133202,WR/FLEX,3000,MIN@CHI 09/20/2026 01:00PM ET,MIN,0,OUT
WR,Dillon Bell (44133204),Dillon Bell,44133204,WR/FLEX,3000,MIN@CHI 09/20/2026 01:00PM ET,MIN,0,
WR,Michael Briscoe (44133206),Michael Briscoe,44133206,WR/FLEX,3000,MIN@CHI 09/20/2026 01:00PM ET,MIN,0,
WR,Trayvon Rudolph (44133208),Trayvon Rudolph,44133208,WR/FLEX,3000,MIN@CHI 09/20/2026 01:00PM ET,MIN,0,
WR,Kaden Davis (44133210),Kaden Davis,44133210,WR/FLEX,3000,MIN@CHI 09/20/2026 01:00PM ET,CHI,0,
WR,JP Richardson (44133212),JP Richardson,44133212,WR/FLEX,3000,MIN@CHI 09/20/2026 01:00PM ET,CHI,0,
WR,Scotty Miller (44133214),Scotty Miller,44133214,WR/FLEX,3000,MIN@CHI 09/20/2026 01:00PM ET,CHI,0,
WR,Jacob Cowing (44133216),Jacob Cowing,44133216,WR/FLEX,3000,MIA@SF 09/20/2026 04:25PM ET,SF,0,
WR,Christian Kirk (44133218),Christian Kirk,44133218,WR/FLEX,3000,MIA@SF 09/20/2026 04:25PM ET,SF,0,IR
WR,Brandon Aiyuk (44133220),Brandon Aiyuk,44133220,WR/FLEX,3000,MIA@SF 09/20/2026 04:25PM ET,SF,0,OUT
WR,Ricky Pearsall (44133222),Ricky Pearsall,44133222,WR/FLEX,3000,MIA@SF 09/20/2026 04:25PM ET,SF,0,IR
WR,KhaDarel Hodge (44133224),KhaDarel Hodge,44133224,WR/FLEX,3000,MIA@SF 09/20/2026 04:25PM ET,SF,0,
WR,Will Pauling (44133226),Will Pauling,44133226,WR/FLEX,3000,MIA@SF 09/20/2026 04:25PM ET,SF,0,
WR,Wesley Grimes (44133228),Wesley Grimes,44133228,WR/FLEX,3000,MIA@SF 09/20/2026 04:25PM ET,SF,0,
WR,Kevin Coleman Jr. (44133230),Kevin Coleman Jr.,44133230,WR/FLEX,3000,MIA@SF 09/20/2026 04:25PM ET,MIA,0,
WR,Ryan Miller (44133232),Ryan Miller,44133232,WR/FLEX,3000,MIA@SF 09/20/2026 04:25PM ET,MIA,0,
WR,Will Sheppard (44133234),Will Sheppard,44133234,WR/FLEX,3000,MIA@SF 09/20/2026 04:25PM ET,MIA,0,
WR,Jalen Reagor (44133236),Jalen Reagor,44133236,WR/FLEX,3000,MIA@SF 09/20/2026 04:25PM ET,MIA,0,
WR,Montorie Foster Jr. (44133238),Montorie Foster Jr.,44133238,WR/FLEX,3000,SEA@ARI 09/20/2026 04:25PM ET,SEA,0,
WR,Irvin Charles (44133240),Irvin Charles,44133240,WR/FLEX,3000,SEA@ARI 09/20/2026 04:25PM ET,SEA,0,IR
WR,Jake Bobo (44133242),Jake Bobo,44133242,WR/FLEX,3000,SEA@ARI 09/20/2026 04:25PM ET,SEA,0,IR
WR,Julian Hicks (44133244),Julian Hicks,44133244,WR/FLEX,3000,SEA@ARI 09/20/2026 04:25PM ET,SEA,0,
WR,Ricky White III (44133246),Ricky White III,44133246,WR/FLEX,3000,SEA@ARI 09/20/2026 04:25PM ET,SEA,0,
WR,Emmanuel Henderson Jr. (44133248),Emmanuel Henderson Jr.,44133248,WR/FLEX,3000,SEA@ARI 09/20/2026 04:25PM ET,SEA,0,
WR,Jalen Brooks (44133250),Jalen Brooks,44133250,WR/FLEX,3000,SEA@ARI 09/20/2026 04:25PM ET,ARI,0,
WR,Devin Duvernay (44133252),Devin Duvernay,44133252,WR/FLEX,3000,SEA@ARI 09/20/2026 04:25PM ET,ARI,0,
WR,Reggie Virgil (44133254),Reggie Virgil,44133254,WR/FLEX,3000,SEA@ARI 09/20/2026 04:25PM ET,ARI,0,
WR,Simi Fehoko (44133256),Simi Fehoko,44133256,WR/FLEX,3000,SEA@ARI 09/20/2026 04:25PM ET,ARI,0,
WR,Harrison Wallace III (44133258),Harrison Wallace III,44133258,WR/FLEX,3000,SEA@ARI 09/20/2026 04:25PM ET,ARI,0,
WR,Ihmir Smith-Marsette (44133260),Ihmir Smith-Marsette,44133260,WR/FLEX,3000,SEA@ARI 09/20/2026 04:25PM ET,ARI,0,
WR,Derius Davis (44133262),Derius Davis,44133262,WR/FLEX,3000,LV@LAC 09/20/2026 04:05PM ET,LAC,0,
WR,Gary Jennings (44133264),Gary Jennings,44133264,WR/FLEX,3000,LV@LAC 09/20/2026 04:05PM ET,LAC,0,
WR,Theo Wease Jr. (44133266),Theo Wease Jr.,44133266,WR/FLEX,3000,LV@LAC 09/20/2026 04:05PM ET,LAC,0,
WR,Malik Benson (44133268),Malik Benson,44133268,WR/FLEX,3000,LV@LAC 09/20/2026 04:05PM ET,LV,0.8,
WR,Dareke Young (44133270),Dareke Young,44133270,WR/FLEX,3000,LV@LAC 09/20/2026 04:05PM ET,LV,0,
WR,Cody White (44133272),Cody White,44133272,WR/FLEX,3000,LV@LAC 09/20/2026 04:05PM ET,LV,0,
WR,Justin Shorter (44133274),Justin Shorter,44133274,WR/FLEX,3000,LV@LAC 09/20/2026 04:05PM ET,LV,0,IR
WR,Corey Rucker (44133276),Corey Rucker,44133276,WR/FLEX,3000,LV@LAC 09/20/2026 04:05PM ET,LV,0,IR
WR,Deven Thompkins (44133278),Deven Thompkins,44133278,WR/FLEX,3000,LV@LAC 09/20/2026 04:05PM ET,LV,0,
WR,Ronnie Bell (44133280),Ronnie Bell,44133280,WR/FLEX,3000,LV@LAC 09/20/2026 04:05PM ET,LV,0,
WR,Josh Cameron (44133282),Josh Cameron,44133282,WR/FLEX,3000,JAX@DEN 09/20/2026 04:05PM ET,JAX,10,
WR,CJ Williams (44133284),CJ Williams,44133284,WR/FLEX,3000,JAX@DEN 09/20/2026 04:05PM ET,JAX,0,
WR,Tim Jones (44133286),Tim Jones,44133286,WR/FLEX,3000,JAX@DEN 09/20/2026 04:05PM ET,JAX,0,
WR,Austin Trammell (44133288),Austin Trammell,44133288,WR/FLEX,3000,JAX@DEN 09/20/2026 04:05PM ET,JAX,0,
WR,Michael Wortham (44133290),Michael Wortham,44133290,WR/FLEX,3000,JAX@DEN 09/20/2026 04:05PM ET,JAX,0,
WR,Trebor Pena (44133292),Trebor Pena,44133292,WR/FLEX,3000,JAX@DEN 09/20/2026 04:05PM ET,JAX,0,
WR,Dane Key (44133294),Dane Key,44133294,WR/FLEX,3000,JAX@DEN 09/20/2026 04:05PM ET,DEN,0,
WR,Kolbe Katsis (44133296),Kolbe Katsis,44133296,WR/FLEX,3000,JAX@DEN 09/20/2026 04:05PM ET,DEN,0,
WR,Michael Bandy (44133298),Michael Bandy,44133298,WR/FLEX,3000,JAX@DEN 09/20/2026 04:05PM ET,DEN,0,
WR,Xavier Guillory (44133300),Xavier Guillory,44133300,WR/FLEX,3000,NO@BAL 09/20/2026 01:00PM ET,BAL,0,
WR,Barion Brown (44133302),Barion Brown,44133302,WR/FLEX,3000,NO@BAL 09/20/2026 01:00PM ET,NO,0.3,
WR,Kevin Austin Jr. (44133304),Kevin Austin Jr.,44133304,WR/FLEX,3000,NO@BAL 09/20/2026 01:00PM ET,NO,0,
WR,Mason Tipton (44133306),Mason Tipton,44133306,WR/FLEX,3000,NO@BAL 09/20/2026 01:00PM ET,NO,0,OUT
WR,Trey Palmer (44133308),Trey Palmer,44133308,WR/FLEX,3000,NO@BAL 09/20/2026 01:00PM ET,NO,0,
WR,Kyrese Rowan (44133310),Kyrese Rowan,44133310,WR/FLEX,3000,NO@BAL 09/20/2026 01:00PM ET,NO,0,
WR,Jalen Moreno-Cropper (44133312),Jalen Moreno-Cropper,44133312,WR/FLEX,3000,NO@BAL 09/20/2026 01:00PM ET,NO,0,
WR,Elijah Moore (44133314),Elijah Moore,44133314,WR/FLEX,3000,PHI@TEN 09/20/2026 01:00PM ET,PHI,0,
WR,Darius Cooper (44133316),Darius Cooper,44133316,WR/FLEX,3000,PHI@TEN 09/20/2026 01:00PM ET,PHI,0,
WR,Britain Covey (44133318),Britain Covey,44133318,WR/FLEX,3000,PHI@TEN 09/20/2026 01:00PM ET,PHI,0,
WR,Johnny Wilson (44133320),Johnny Wilson,44133320,WR/FLEX,3000,PHI@TEN 09/20/2026 01:00PM ET,PHI,0,IR
WR,Xavier Gipson (44133322),Xavier Gipson,44133322,WR/FLEX,3000,PHI@TEN 09/20/2026 01:00PM ET,PHI,0,
WR,Chimere Dike (44133324),Chimere Dike,44133324,WR/FLEX,3000,PHI@TEN 09/20/2026 01:00PM ET,TEN,0.7,
WR,Tyren Montgomery (44133326),Tyren Montgomery,44133326,WR/FLEX,3000,PHI@TEN 09/20/2026 01:00PM ET,TEN,0,
WR,K.J. Osborn (44133328),K.J. Osborn,44133328,WR/FLEX,3000,PHI@TEN 09/20/2026 01:00PM ET,TEN,0,
WR,Xavier Restrepo (44133330),Xavier Restrepo,44133330,WR/FLEX,3000,PHI@TEN 09/20/2026 01:00PM ET,TEN,0,
WR,Jimmy Horn Jr. (44133332),Jimmy Horn Jr.,44133332,WR/FLEX,3000,CLE@TB 09/20/2026 01:00PM ET,CLE,-1,
WR,Brycen Tremayne (44133334),Brycen Tremayne,44133334,WR/FLEX,3000,CAR@ATL 09/20/2026 01:00PM ET,CAR,0,
WR,Chris Brazzell II (44133336),Chris Brazzell II,44133336,WR/FLEX,3000,CAR@ATL 09/20/2026 01:00PM ET,CAR,0,IR
WR,Ja'seem Reed (44133338),Ja'seem Reed,44133338,WR/FLEX,3000,CAR@ATL 09/20/2026 01:00PM ET,CAR,0,
WR,Casey Washington (44133340),Casey Washington,44133340,WR/FLEX,3000,CAR@ATL 09/20/2026 01:00PM ET,CAR,0,
WR,David Moore (44133342),David Moore,44133342,WR/FLEX,3000,CAR@ATL 09/20/2026 01:00PM ET,CAR,0,
WR,Chris Blair (44133344),Chris Blair,44133344,WR/FLEX,3000,CAR@ATL 09/20/2026 01:00PM ET,ATL,0,
WR,Beaux Collins (44133346),Beaux Collins,44133346,WR/FLEX,3000,CAR@ATL 09/20/2026 01:00PM ET,ATL,0,IR
WR,Vinny Anthony II (44133348),Vinny Anthony II,44133348,WR/FLEX,3000,CAR@ATL 09/20/2026 01:00PM ET,ATL,0,
WR,Dylan Drummond (44133350),Dylan Drummond,44133350,WR/FLEX,3000,CAR@ATL 09/20/2026 01:00PM ET,ATL,0,
WR,Antwane Wells Jr. (44133352),Antwane Wells Jr.,44133352,WR/FLEX,3000,CAR@ATL 09/20/2026 01:00PM ET,ATL,0,
WR,Arian Smith (44133354),Arian Smith,44133354,WR/FLEX,3000,GB@NYJ 09/20/2026 01:00PM ET,NYJ,0,
WR,Tim Patrick (44133356),Tim Patrick,44133356,WR/FLEX,3000,GB@NYJ 09/20/2026 01:00PM ET,NYJ,0,IR
WR,Malik McClain (44133358),Malik McClain,44133358,WR/FLEX,3000,GB@NYJ 09/20/2026 01:00PM ET,NYJ,0,
WR,Jamaal Pritchett (44133360),Jamaal Pritchett,44133360,WR/FLEX,3000,GB@NYJ 09/20/2026 01:00PM ET,NYJ,0,
WR,Skyy Moore (44133362),Skyy Moore,44133362,WR/FLEX,3000,GB@NYJ 09/20/2026 01:00PM ET,GB,0,
WR,J. Michael Sturdivant (44133364),J. Michael Sturdivant,44133364,WR/FLEX,3000,GB@NYJ 09/20/2026 01:00PM ET,GB,0,
WR,Bo Melton (44133366),Bo Melton,44133366,WR/FLEX,3000,GB@NYJ 09/20/2026 01:00PM ET,GB,2,
WR,Chris Hilton Jr. (44133368),Chris Hilton Jr.,44133368,WR/FLEX,3000,GB@NYJ 09/20/2026 01:00PM ET,GB,0,
WR,Isaiah Neyor (44133370),Isaiah Neyor,44133370,WR/FLEX,3000,GB@NYJ 09/20/2026 01:00PM ET,GB,0,
WR,Ben Skowronek (44133372),Ben Skowronek,44133372,WR/FLEX,3000,PIT@NE 09/20/2026 01:00PM ET,PIT,0,
WR,Kaden Wetjen (44133374),Kaden Wetjen,44133374,WR/FLEX,3000,PIT@NE 09/20/2026 01:00PM ET,PIT,0,
WR,Cole Burgess (44133376),Cole Burgess,44133376,WR/FLEX,3000,PIT@NE 09/20/2026 01:00PM ET,PIT,0,IR
WR,Brandon Smith (44133378),Brandon Smith,44133378,WR/FLEX,3000,PIT@NE 09/20/2026 01:00PM ET,PIT,0,
WR,Max Hurleman (44133380),Max Hurleman,44133380,WR/FLEX,3000,PIT@NE 09/20/2026 01:00PM ET,PIT,0,OUT
WR,Brandon Johnson (44133382),Brandon Johnson,44133382,WR/FLEX,3000,PIT@NE 09/20/2026 01:00PM ET,PIT,0,
WR,Jeremiah Webb (44133384),Jeremiah Webb,44133384,WR/FLEX,3000,PIT@NE 09/20/2026 01:00PM ET,NE,0,IR
WR,Kyle Dixon (44133386),Kyle Dixon,44133386,WR/FLEX,3000,PIT@NE 09/20/2026 01:00PM ET,NE,0,
WR,Cameron Dorner (44133388),Cameron Dorner,44133388,WR/FLEX,3000,PIT@NE 09/20/2026 01:00PM ET,NE,0,
WR,Kameron Johnson (44133390),Kameron Johnson,44133390,WR/FLEX,3000,CLE@TB 09/20/2026 01:00PM ET,TB,0,
WR,David Sills V (44133392),David Sills V,44133392,WR/FLEX,3000,CLE@TB 09/20/2026 01:00PM ET,TB,0,IR
WR,Garrett Greene (44133394),Garrett Greene,44133394,WR/FLEX,3000,CLE@TB 09/20/2026 01:00PM ET,TB,0,
WR,Eric Rivers Jr. (44133396),Eric Rivers Jr.,44133396,WR/FLEX,3000,CLE@TB 09/20/2026 01:00PM ET,TB,0,
WR,Dean Patterson IV (44133398),Dean Patterson IV,44133398,WR/FLEX,3000,CLE@TB 09/20/2026 01:00PM ET,TB,0,
WR,Tylan Wallace (44133400),Tylan Wallace,44133400,WR/FLEX,3000,CLE@TB 09/20/2026 01:00PM ET,CLE,0,
WR,Malachi Corley (44133402),Malachi Corley,44133402,WR/FLEX,3000,CLE@TB 09/20/2026 01:00PM ET,CLE,0,
WR,Bub Means (44133404),Bub Means,44133404,WR/FLEX,3000,CLE@TB 09/20/2026 01:00PM ET,CLE,0,
WR,Kole Wilson (44133406),Kole Wilson,44133406,WR/FLEX,3000,CLE@TB 09/20/2026 01:00PM ET,CLE,0,
WR,Van Jefferson (44133408),Van Jefferson,44133408,WR/FLEX,3000,WAS@DAL 09/20/2026 04:25PM ET,WAS,0,
WR,River Cracraft (44133410),River Cracraft,44133410,WR/FLEX,3000,WAS@DAL 09/20/2026 04:25PM ET,WAS,0,Q
WR,Jaden Bradley (44133412),Jaden Bradley,44133412,WR/FLEX,3000,WAS@DAL 09/20/2026 04:25PM ET,WAS,0,
WR,Camden Brown (44133414),Camden Brown,44133414,WR/FLEX,3000,WAS@DAL 09/20/2026 04:25PM ET,DAL,0,
WR,Jordan Hudson (44133416),Jordan Hudson,44133416,WR/FLEX,3000,WAS@DAL 09/20/2026 04:25PM ET,DAL,0,
WR,Anthony Smith (44133418),Anthony Smith,44133418,WR/FLEX,3000,WAS@DAL 09/20/2026 04:25PM ET,DAL,0,
WR,Dohnte Meyers (44133420),Dohnte Meyers,44133420,WR/FLEX,3000,CIN@HOU 09/20/2026 01:00PM ET,CIN,3.8,
WR,Ke'Shawn Williams (44133422),Ke'Shawn Williams,44133422,WR/FLEX,3000,CIN@HOU 09/20/2026 01:00PM ET,CIN,0,
WR,Jordan Moore (44133424),Jordan Moore,44133424,WR/FLEX,3000,CIN@HOU 09/20/2026 01:00PM ET,CIN,0,
WR,Noah Thomas (44133426),Noah Thomas,44133426,WR/FLEX,3000,CIN@HOU 09/20/2026 01:00PM ET,CIN,0,
WR,Jared Wayne (44133428),Jared Wayne,44133428,WR/FLEX,3000,CIN@HOU 09/20/2026 01:00PM ET,HOU,2.2,
WR,Daniel Sobkowicz (44133430),Daniel Sobkowicz,44133430,WR/FLEX,3000,CIN@HOU 09/20/2026 01:00PM ET,HOU,0,
WR,Lewis Bond (44133432),Lewis Bond,44133432,WR/FLEX,3000,CIN@HOU 09/20/2026 01:00PM ET,HOU,0,
WR,Josh Kelly (44133434),Josh Kelly,44133434,WR/FLEX,3000,CIN@HOU 09/20/2026 01:00PM ET,HOU,0,
WR,Mitch Tinsley (44133436),Mitch Tinsley,44133436,WR/FLEX,3000,CIN@HOU 09/20/2026 01:00PM ET,HOU,0,
WR,Colbie Young (44133438),Colbie Young,44133438,WR/FLEX,3000,CIN@HOU 09/20/2026 01:00PM ET,CIN,0,
WR,Tez Johnson (44133440),Tez Johnson,44133440,WR/FLEX,3000,CLE@TB 09/20/2026 01:00PM ET,TB,-0.4,
TE,David Njoku (44133498),David Njoku,44133498,TE/FLEX,3000,LV@LAC 09/20/2026 04:05PM ET,LAC,10.8,
TE,Eli Raridon (44133500),Eli Raridon,44133500,TE/FLEX,3000,PIT@NE 09/20/2026 01:00PM ET,NE,7.2,
TE,Cole Kmet (44133502),Cole Kmet,44133502,TE/FLEX,3000,MIN@CHI 09/20/2026 01:00PM ET,CHI,11.5,
DST,Texans (44133750),Texans,44133750,DST,3000,CIN@HOU 09/20/2026 01:00PM ET,HOU,-2,
DST,Bears (44133751),Bears,44133751,DST,3000,MIN@CHI 09/20/2026 01:00PM ET,CHI,6,
WR,Gage Larvadain (44173810),Gage Larvadain,44173810,WR/FLEX,3000,NO@BAL 09/20/2026 01:00PM ET,BAL,0,
WR,Tyler Johnson (44173812),Tyler Johnson,44173812,WR/FLEX,3000,GB@NYJ 09/20/2026 01:00PM ET,NYJ,0,
WR,Chandler Brayboy (44173814),Chandler Brayboy,44173814,WR/FLEX,3000,PIT@NE 09/20/2026 01:00PM ET,NE,0,
WR,Sterling Shepard (44173816),Sterling Shepard,44173816,WR/FLEX,3000,GB@NYJ 09/20/2026 01:00PM ET,NYJ,0,
WR,Marquez Valdes-Scantling (44192196),Marquez Valdes-Scantling,44192196,WR/FLEX,3000,LV@LAC 09/20/2026 04:05PM ET,LAC,0,
WR,Quincy Skinner Jr. (44192198),Quincy Skinner Jr.,44192198,WR/FLEX,3000,GB@NYJ 09/20/2026 01:00PM ET,GB,0,
TE,Ben Sinnott (44133504),Ben Sinnott,44133504,TE/FLEX,2900,WAS@DAL 09/20/2026 04:25PM ET,WAS,0,
TE,Jonnu Smith (44133506),Jonnu Smith,44133506,TE/FLEX,2900,GB@NYJ 09/20/2026 01:00PM ET,GB,7,
TE,Darnell Washington (44133508),Darnell Washington,44133508,TE/FLEX,2900,PIT@NE 09/20/2026 01:00PM ET,PIT,3.8,
DST,Cowboys (44133752),Cowboys,44133752,DST,2900,WAS@DAL 09/20/2026 04:25PM ET,DAL,3,
DST,Falcons (44133753),Falcons,44133753,DST,2900,CAR@ATL 09/20/2026 01:00PM ET,ATL,5,
TE,Brevyn Spann-Ford (44133510),Brevyn Spann-Ford,44133510,TE/FLEX,2800,WAS@DAL 09/20/2026 04:25PM ET,DAL,3.4,
TE,Adam Trautman (44133512),Adam Trautman,44133512,TE/FLEX,2800,JAX@DEN 09/20/2026 04:05PM ET,DEN,3,
TE,Mason Taylor (44133514),Mason Taylor,44133514,TE/FLEX,2800,GB@NYJ 09/20/2026 01:00PM ET,NYJ,1.8,
DST,Broncos (44133754),Broncos,44133754,DST,2800,JAX@DEN 09/20/2026 04:05PM ET,DEN,3,
DST,Steelers (44133755),Steelers,44133755,DST,2800,PIT@NE 09/20/2026 01:00PM ET,PIT,18,
TE,Foster Moreau (44133516),Foster Moreau,44133516,TE/FLEX,2700,CIN@HOU 09/20/2026 01:00PM ET,HOU,3.5,
TE,Charlie Kolar (44133518),Charlie Kolar,44133518,TE/FLEX,2700,LV@LAC 09/20/2026 04:05PM ET,LAC,0,
TE,John Bates (44133520),John Bates,44133520,TE/FLEX,2700,WAS@DAL 09/20/2026 04:25PM ET,WAS,3.3,
DST,Bengals (44133756),Bengals,44133756,DST,2700,CIN@HOU 09/20/2026 01:00PM ET,CIN,18,
DST,Panthers (44133757),Panthers,44133757,DST,2700,CAR@ATL 09/20/2026 01:00PM ET,CAR,0,
TE,Jake Tonges (44133522),Jake Tonges,44133522,TE/FLEX,2600,MIA@SF 09/20/2026 04:25PM ET,SF,0,IR
TE,Tommy Tremble (44133524),Tommy Tremble,44133524,TE/FLEX,2600,CAR@ATL 09/20/2026 01:00PM ET,CAR,5.5,
TE,Drew Sample (44133526),Drew Sample,44133526,TE/FLEX,2600,CIN@HOU 09/20/2026 01:00PM ET,CIN,4.9,
TE,Daniel Bellinger (44133528),Daniel Bellinger,44133528,TE/FLEX,2600,PHI@TEN 09/20/2026 01:00PM ET,TEN,1.7,
DST,Vikings (44133758),Vikings,44133758,DST,2600,MIN@CHI 09/20/2026 01:00PM ET,MIN,8,
DST,Raiders (44133759),Raiders,44133759,DST,2600,LV@LAC 09/20/2026 04:05PM ET,LV,13,
TE,Josh Oliver (44133530),Josh Oliver,44133530,TE/FLEX,2500,MIN@CHI 09/20/2026 01:00PM ET,MIN,4.2,
TE,Marlin Klein (44133532),Marlin Klein,44133532,TE/FLEX,2500,CIN@HOU 09/20/2026 01:00PM ET,HOU,2.6,
TE,Elijah Arroyo (44133534),Elijah Arroyo,44133534,TE/FLEX,2500,SEA@ARI 09/20/2026 04:25PM ET,SEA,0,
TE,Oscar Delp (44133536),Oscar Delp,44133536,TE/FLEX,2500,NO@BAL 09/20/2026 01:00PM ET,NO,0,
TE,Mitchell Evans (44133538),Mitchell Evans,44133538,TE/FLEX,2500,CAR@ATL 09/20/2026 01:00PM ET,CAR,1.9,
TE,Ja'Tavion Sanders (44133540),Ja'Tavion Sanders,44133540,TE/FLEX,2500,CAR@ATL 09/20/2026 01:00PM ET,CAR,0,
TE,Luke Musgrave (44133542),Luke Musgrave,44133542,TE/FLEX,2500,GB@NYJ 09/20/2026 01:00PM ET,GB,0,OUT
TE,Nate Boerkircher (44133544),Nate Boerkircher,44133544,TE/FLEX,2500,JAX@DEN 09/20/2026 04:05PM ET,JAX,1.9,
TE,Tanner Koziol (44133546),Tanner Koziol,44133546,TE/FLEX,2500,JAX@DEN 09/20/2026 04:05PM ET,JAX,0,
TE,Eli Stowers (44133548),Eli Stowers,44133548,TE/FLEX,2500,PHI@TEN 09/20/2026 01:00PM ET,PHI,0,IR
TE,Austin Hooper (44133550),Austin Hooper,44133550,TE/FLEX,2500,CAR@ATL 09/20/2026 01:00PM ET,ATL,0,
TE,Sam Roush (44133552),Sam Roush,44133552,TE/FLEX,2500,MIN@CHI 09/20/2026 01:00PM ET,CHI,0,
TE,Gavin Bartholomew (44133554),Gavin Bartholomew,44133554,TE/FLEX,2500,MIN@CHI 09/20/2026 01:00PM ET,MIN,0,
TE,Ben Yurosek (44133556),Ben Yurosek,44133556,TE/FLEX,2500,MIN@CHI 09/20/2026 01:00PM ET,MIN,0,IR
TE,Andrew DePaola (44133558),Andrew DePaola,44133558,TE/FLEX,2500,MIN@CHI 09/20/2026 01:00PM ET,MIN,0,
TE,Cam Grandy (44133560),Cam Grandy,44133560,TE/FLEX,2500,MIN@CHI 09/20/2026 01:00PM ET,MIN,0,
TE,Nikola Kalinic (44133562),Nikola Kalinic,44133562,TE/FLEX,2500,MIN@CHI 09/20/2026 01:00PM ET,CHI,0,IR
TE,Hayden Large (44133564),Hayden Large,44133564,TE/FLEX,2500,MIN@CHI 09/20/2026 01:00PM ET,CHI,0,IR
TE,Stephen Carlson (44133566),Stephen Carlson,44133566,TE/FLEX,2500,MIN@CHI 09/20/2026 01:00PM ET,CHI,0,
TE,Qadir Ismail (44133568),Qadir Ismail,44133568,TE/FLEX,2500,MIN@CHI 09/20/2026 01:00PM ET,CHI,0,
TE,Luke Farrell (44133570),Luke Farrell,44133570,TE/FLEX,2500,MIA@SF 09/20/2026 04:25PM ET,SF,3.9,
TE,Brayden Willis (44133572),Brayden Willis,44133572,TE/FLEX,2500,MIA@SF 09/20/2026 04:25PM ET,SF,0,
TE,Khalil Dinkins (44133574),Khalil Dinkins,44133574,TE/FLEX,2500,MIA@SF 09/20/2026 04:25PM ET,SF,0,
TE,Will Kacmarek (44133576),Will Kacmarek,44133576,TE/FLEX,2500,MIA@SF 09/20/2026 04:25PM ET,MIA,0,
TE,Seydou Traore (44133578),Seydou Traore,44133578,TE/FLEX,2500,MIA@SF 09/20/2026 04:25PM ET,MIA,0,
TE,Justin Joly (44133580),Justin Joly,44133580,TE/FLEX,2500,MIA@SF 09/20/2026 04:25PM ET,MIA,0,
TE,Cole Turner (44133582),Cole Turner,44133582,TE/FLEX,2500,MIA@SF 09/20/2026 04:25PM ET,MIA,0,IR
TE,Tre Watson (44133584),Tre Watson,44133584,TE/FLEX,2500,MIA@SF 09/20/2026 04:25PM ET,MIA,0,
TE,Eric Saubert (44133586),Eric Saubert,44133586,TE/FLEX,2500,SEA@ARI 09/20/2026 04:25PM ET,SEA,0,
TE,Nick Kallerup (44133588),Nick Kallerup,44133588,TE/FLEX,2500,SEA@ARI 09/20/2026 04:25PM ET,SEA,0,
TE,Elijah Higgins (44133590),Elijah Higgins,44133590,TE/FLEX,2500,SEA@ARI 09/20/2026 04:25PM ET,ARI,0,
TE,Hunter Long (44133592),Hunter Long,44133592,TE/FLEX,2500,SEA@ARI 09/20/2026 04:25PM ET,ARI,0,
TE,Tip Reiman (44133594),Tip Reiman,44133594,TE/FLEX,2500,SEA@ARI 09/20/2026 04:25PM ET,ARI,0,OUT
TE,Jameson Geers (44133596),Jameson Geers,44133596,TE/FLEX,2500,SEA@ARI 09/20/2026 04:25PM ET,ARI,0,IR
TE,Shawn Bowman (44133598),Shawn Bowman,44133598,TE/FLEX,2500,SEA@ARI 09/20/2026 04:25PM ET,ARI,0,
TE,Teagan Quitoriano (44133600),Teagan Quitoriano,44133600,TE/FLEX,2500,SEA@ARI 09/20/2026 04:25PM ET,ARI,0,
TE,Evan Svoboda (44133602),Evan Svoboda,44133602,TE/FLEX,2500,LV@LAC 09/20/2026 04:05PM ET,LAC,0,
TE,Patrick Herbert (44133604),Patrick Herbert,44133604,TE/FLEX,2500,LV@LAC 09/20/2026 04:05PM ET,LAC,0,
TE,Ian Thomas (44133606),Ian Thomas,44133606,TE/FLEX,2500,LV@LAC 09/20/2026 04:05PM ET,LV,0,
TE,Chris Myarick (44133608),Chris Myarick,44133608,TE/FLEX,2500,LV@LAC 09/20/2026 04:05PM ET,LV,0,
TE,Carter Runyon (44133610),Carter Runyon,44133610,TE/FLEX,2500,LV@LAC 09/20/2026 04:05PM ET,LV,0,IR
TE,Patrick Gurd (44133612),Patrick Gurd,44133612,TE/FLEX,2500,LV@LAC 09/20/2026 04:05PM ET,LV,0,
TE,Quintin Morris (44133614),Quintin Morris,44133614,TE/FLEX,2500,JAX@DEN 09/20/2026 04:05PM ET,JAX,0,
TE,Hayden Rucci (44133616),Hayden Rucci,44133616,TE/FLEX,2500,JAX@DEN 09/20/2026 04:05PM ET,JAX,0,
TE,Nate Adkins (44133618),Nate Adkins,44133618,TE/FLEX,2500,JAX@DEN 09/20/2026 04:05PM ET,DEN,0,
TE,Dallen Bentley (44133620),Dallen Bentley,44133620,TE/FLEX,2500,JAX@DEN 09/20/2026 04:05PM ET,DEN,0,
TE,Caleb Lohner (44133622),Caleb Lohner,44133622,TE/FLEX,2500,JAX@DEN 09/20/2026 04:05PM ET,DEN,0,IR
TE,Mitchell Fraboni (44133624),Mitchell Fraboni,44133624,TE/FLEX,2500,JAX@DEN 09/20/2026 04:05PM ET,DEN,0,
TE,Lucas Krull (44133626),Lucas Krull,44133626,TE/FLEX,2500,JAX@DEN 09/20/2026 04:05PM ET,DEN,0,
TE,Durham Smythe (44133628),Durham Smythe,44133628,TE/FLEX,2500,NO@BAL 09/20/2026 01:00PM ET,BAL,1.4,
TE,Matt Hibner (44133630),Matt Hibner,44133630,TE/FLEX,2500,NO@BAL 09/20/2026 01:00PM ET,BAL,2.3,
TE,Josh Cuevas (44133632),Josh Cuevas,44133632,TE/FLEX,2500,NO@BAL 09/20/2026 01:00PM ET,BAL,0,
TE,Nick Vannett (44133634),Nick Vannett,44133634,TE/FLEX,2500,NO@BAL 09/20/2026 01:00PM ET,BAL,0,
TE,Ty Pezza (44133636),Ty Pezza,44133636,TE/FLEX,2500,NO@BAL 09/20/2026 01:00PM ET,BAL,0,
TE,Treyton Welch (44133638),Treyton Welch,44133638,TE/FLEX,2500,NO@BAL 09/20/2026 01:00PM ET,NO,0,
TE,Moliki Matavao (44133640),Moliki Matavao,44133640,TE/FLEX,2500,NO@BAL 09/20/2026 01:00PM ET,NO,0,IR
TE,Stone Smartt (44133642),Stone Smartt,44133642,TE/FLEX,2500,NO@BAL 09/20/2026 01:00PM ET,NO,0,
TE,Zach Wood (44133644),Zach Wood,44133644,TE/FLEX,2500,NO@BAL 09/20/2026 01:00PM ET,NO,0,IR
TE,Johnny Mundt (44133646),Johnny Mundt,44133646,TE/FLEX,2500,PHI@TEN 09/20/2026 01:00PM ET,PHI,0,
TE,E.J. Jenkins (44133648),E.J. Jenkins,44133648,TE/FLEX,2500,PHI@TEN 09/20/2026 01:00PM ET,PHI,0,
TE,Grant Calcaterra (44133650),Grant Calcaterra,44133650,TE/FLEX,2500,PHI@TEN 09/20/2026 01:00PM ET,PHI,0,IR
TE,Rocco Underwood (44133652),Rocco Underwood,44133652,TE/FLEX,2500,PHI@TEN 09/20/2026 01:00PM ET,PHI,0,
TE,Kylen Granson (44133654),Kylen Granson,44133654,TE/FLEX,2500,PHI@TEN 09/20/2026 01:00PM ET,TEN,0,
TE,David Martin-Robinson (44133656),David Martin-Robinson,44133656,TE/FLEX,2500,PHI@TEN 09/20/2026 01:00PM ET,TEN,0,
TE,Jaren Kanak (44133658),Jaren Kanak,44133658,TE/FLEX,2500,PHI@TEN 09/20/2026 01:00PM ET,TEN,0,IR
TE,Joel Wilson (44133660),Joel Wilson,44133660,TE/FLEX,2500,PHI@TEN 09/20/2026 01:00PM ET,TEN,0,
TE,Feleipe Franks (44133662),Feleipe Franks,44133662,TE/FLEX,2500,CAR@ATL 09/20/2026 01:00PM ET,CAR,0,
TE,Charlie Woerner (44133664),Charlie Woerner,44133664,TE/FLEX,2500,CAR@ATL 09/20/2026 01:00PM ET,ATL,0,
TE,Nick Muse (44133666),Nick Muse,44133666,TE/FLEX,2500,CAR@ATL 09/20/2026 01:00PM ET,ATL,0,
TE,Jack Velling (44133668),Jack Velling,44133668,TE/FLEX,2500,CAR@ATL 09/20/2026 01:00PM ET,ATL,0,
TE,Jeremy Ruckert (44133670),Jeremy Ruckert,44133670,TE/FLEX,2500,GB@NYJ 09/20/2026 01:00PM ET,NYJ,1.4,
TE,Jelani Woods (44133672),Jelani Woods,44133672,TE/FLEX,2500,GB@NYJ 09/20/2026 01:00PM ET,NYJ,0,
TE,Josh Whyle (44133674),Josh Whyle,44133674,TE/FLEX,2500,GB@NYJ 09/20/2026 01:00PM ET,GB,0,
TE,Mark Redman (44133676),Mark Redman,44133676,TE/FLEX,2500,GB@NYJ 09/20/2026 01:00PM ET,GB,0,
TE,Thomas Yassmin (44133678),Thomas Yassmin,44133678,TE/FLEX,2500,GB@NYJ 09/20/2026 01:00PM ET,GB,0,IR
TE,Drake Dabney (44133680),Drake Dabney,44133680,TE/FLEX,2500,GB@NYJ 09/20/2026 01:00PM ET,GB,0,
TE,Robert Tonyan (44133682),Robert Tonyan,44133682,TE/FLEX,2500,PIT@NE 09/20/2026 01:00PM ET,PIT,0,
TE,Lake McRee (44133684),Lake McRee,44133684,TE/FLEX,2500,PIT@NE 09/20/2026 01:00PM ET,PIT,0,
TE,Tanner Arkin (44133686),Tanner Arkin,44133686,TE/FLEX,2500,PIT@NE 09/20/2026 01:00PM ET,NE,0,
TE,Cameron Latu (44133688),Cameron Latu,44133688,TE/FLEX,2500,PIT@NE 09/20/2026 01:00PM ET,NE,0,
TE,Julian Hill (44133690),Julian Hill,44133690,TE/FLEX,2500,PIT@NE 09/20/2026 01:00PM ET,NE,0,IR
TE,Shane Zylstra (44133692),Shane Zylstra,44133692,TE/FLEX,2500,PIT@NE 09/20/2026 01:00PM ET,NE,0,Q
TE,Payne Durham (44133694),Payne Durham,44133694,TE/FLEX,2500,CLE@TB 09/20/2026 01:00PM ET,TB,0,
TE,Ko Kieft (44133696),Ko Kieft,44133696,TE/FLEX,2500,CLE@TB 09/20/2026 01:00PM ET,TB,0,
TE,Bauer Sharp (44133698),Bauer Sharp,44133698,TE/FLEX,2500,CLE@TB 09/20/2026 01:00PM ET,TB,0,
TE,Evan Deckers (44133700),Evan Deckers,44133700,TE/FLEX,2500,CLE@TB 09/20/2026 01:00PM ET,TB,0,
TE,CJ Dippre (44133702),CJ Dippre,44133702,TE/FLEX,2500,CLE@TB 09/20/2026 01:00PM ET,TB,0,
TE,Blake Whiteheart (44133704),Blake Whiteheart,44133704,TE/FLEX,2500,CLE@TB 09/20/2026 01:00PM ET,CLE,2.4,
TE,Carsen Ryan (44133706),Carsen Ryan,44133706,TE/FLEX,2500,CLE@TB 09/20/2026 01:00PM ET,CLE,0,
TE,Joe Royer (44133708),Joe Royer,44133708,TE/FLEX,2500,CLE@TB 09/20/2026 01:00PM ET,CLE,0,OUT
TE,Messiah Swinson (44133710),Messiah Swinson,44133710,TE/FLEX,2500,CLE@TB 09/20/2026 01:00PM ET,CLE,0,
TE,Colson Yankoff (44133712),Colson Yankoff,44133712,TE/FLEX,2500,WAS@DAL 09/20/2026 04:25PM ET,WAS,0,
TE,Jack Westover (44133714),Jack Westover,44133714,TE/FLEX,2500,WAS@DAL 09/20/2026 04:25PM ET,WAS,0,
TE,Tyler Ott (44133716),Tyler Ott,44133716,TE/FLEX,2500,WAS@DAL 09/20/2026 04:25PM ET,WAS,0,
TE,Luke Schoonmaker (44133718),Luke Schoonmaker,44133718,TE/FLEX,2500,WAS@DAL 09/20/2026 04:25PM ET,DAL,2.2,
TE,Princeton Fant (44133720),Princeton Fant,44133720,TE/FLEX,2500,WAS@DAL 09/20/2026 04:25PM ET,DAL,0,IR
TE,DJ Rogers (44133722),DJ Rogers,44133722,TE/FLEX,2500,WAS@DAL 09/20/2026 04:25PM ET,DAL,0,IR
TE,James Mitchell (44133724),James Mitchell,44133724,TE/FLEX,2500,WAS@DAL 09/20/2026 04:25PM ET,DAL,0,
TE,Michael Trigg (44133726),Michael Trigg,44133726,TE/FLEX,2500,WAS@DAL 09/20/2026 04:25PM ET,DAL,0,
TE,Erick All Jr. (44133728),Erick All Jr.,44133728,TE/FLEX,2500,CIN@HOU 09/20/2026 01:00PM ET,CIN,0,
TE,Jack Endries (44133730),Jack Endries,44133730,TE/FLEX,2500,CIN@HOU 09/20/2026 01:00PM ET,CIN,0,
TE,Tanner Hudson (44133732),Tanner Hudson,44133732,TE/FLEX,2500,CIN@HOU 09/20/2026 01:00PM ET,CIN,1.4,
TE,William Wagner (44133734),William Wagner,44133734,TE/FLEX,2500,CIN@HOU 09/20/2026 01:00PM ET,CIN,0,
TE,Cade Stover (44133736),Cade Stover,44133736,TE/FLEX,2500,CIN@HOU 09/20/2026 01:00PM ET,HOU,0.8,
TE,Brevin Jordan (44133738),Brevin Jordan,44133738,TE/FLEX,2500,CIN@HOU 09/20/2026 01:00PM ET,HOU,0,
TE,Zaire Mitchell-Paden (44133740),Zaire Mitchell-Paden,44133740,TE/FLEX,2500,CIN@HOU 09/20/2026 01:00PM ET,HOU,0,
DST,Cardinals (44133760),Cardinals,44133760,DST,2500,SEA@ARI 09/20/2026 04:25PM ET,ARI,10,
DST,Commanders (44133761),Commanders,44133761,DST,2500,WAS@DAL 09/20/2026 04:25PM ET,WAS,3,
TE,Josiah Deguara (44173818),Josiah Deguara,44173818,TE/FLEX,2500,PHI@TEN 09/20/2026 01:00PM ET,PHI,0,
TE,Cal Adomitis (44192200),Cal Adomitis,44192200,TE/FLEX,2500,MIA@SF 09/20/2026 04:25PM ET,MIA,0,
TE,Jack Stoll (44192202),Jack Stoll,44192202,TE/FLEX,2500,MIA@SF 09/20/2026 04:25PM ET,SF,0,
DST,Jaguars (44133762),Jaguars,44133762,DST,2400,JAX@DEN 09/20/2026 04:05PM ET,JAX,13,
DST,Jets (44133763),Jets,44133763,DST,2400,GB@NYJ 09/20/2026 01:00PM ET,NYJ,9,
DST,Saints (44133764),Saints,44133764,DST,2300,NO@BAL 09/20/2026 01:00PM ET,NO,2,
DST,Browns (44133765),Browns,44133765,DST,2200,CLE@TB 09/20/2026 01:00PM ET,CLE,0,
DST,Titans (44133766),Titans,44133766,DST,2100,PHI@TEN 09/20/2026 01:00PM ET,TEN,0,
DST,Dolphins (44133767),Dolphins,44133767,DST,2000,MIA@SF 09/20/2026 04:25PM ET,MIA,4,
